study,level,level_time_s,radius_cm,temperature_signed_error_C,temperature_absolute_error_C,moisture_signed_error,moisture_absolute_error
time,1.0,21600.0,0.0,4.4929038267582655e-10,4.4929038267582655e-10,-1.0056429022853308e-09,1.0056429022853308e-09
time,1.0,21600.0,0.1,4.490061655815225e-10,4.490061655815225e-10,-1.0042879861060783e-09,1.0042879861060783e-09
time,1.0,21600.0,0.2,4.460503078007605e-10,4.460503078007605e-10,-1.0002170203193828e-09,1.0002170203193828e-09
time,1.0,21600.0,0.3,4.425828592502512e-10,4.425828592502512e-10,-9.934757461138588e-10,9.934757461138588e-10
time,1.0,21600.0,0.4,4.38205915997969e-10,4.38205915997969e-10,-9.84114012503312e-10,9.84114012503312e-10
time,1.0,21600.0,0.5,4.334310688136611e-10,4.334310688136611e-10,-9.722049831850654e-10,9.722049831850654e-10
time,1.0,21600.0,0.6,4.2814463085960597e-10,4.2814463085960597e-10,-9.578418058708849e-10,9.578418058708849e-10
time,1.0,21600.0,0.7,4.211528903397266e-10,4.211528903397266e-10,-9.411178503171413e-10,9.411178503171413e-10
time,1.0,21600.0,0.8,4.133084985369351e-10,4.133084985369351e-10,-9.221791108515731e-10,9.221791108515731e-10
time,1.0,21600.0,0.9,4.051230462209787e-10,4.051230462209787e-10,-9.011579260587155e-10,9.011579260587155e-10
time,1.0,21600.0,1.0,3.95857568946667e-10,3.95857568946667e-10,-8.782410354513104e-10,8.782410354513104e-10
time,1.0,21600.0,1.1,3.8625103115919046e-10,3.8625103115919046e-10,-8.536200635234081e-10,8.536200635234081e-10
time,1.0,21600.0,1.2,3.7556446841335855e-10,3.7556446841335855e-10,-8.27503177092126e-10,8.27503177092126e-10
time,1.0,21600.0,1.3,3.637410372903105e-10,3.637410372903105e-10,-8.001309614869001e-10,8.001309614869001e-10
time,1.0,21600.0,1.4,3.5134917197865434e-10,3.5134917197865434e-10,-7.717830818876337e-10,7.717830818876337e-10
time,1.0,21600.0,1.5,3.3782043828978203e-10,3.3782043828978203e-10,-7.427788384362088e-10,7.427788384362088e-10
time,1.0,21600.0,1.6,3.2224534152192064e-10,3.2224534152192064e-10,-7.135272372948975e-10,7.135272372948975e-10
time,1.0,21600.0,1.7,3.050786290259566e-10,3.050786290259566e-10,-6.845682909428774e-10,6.845682909428774e-10
time,1.0,21600.0,1.8,2.9046987037872896e-10,2.9046987037872896e-10,-6.566983623557121e-10,6.566983623557121e-10
time,1.0,21600.0,1.9,2.7563373805605806e-10,2.7563373805605806e-10,-6.311997591268437e-10,6.311997591268437e-10
time,1.0,21600.0,2.0,2.6761881599668413e-10,2.6761881599668413e-10,-6.105125294197933e-10,6.105125294197933e-10
time,1.0,43200.0,0.0,-3.8767211663071066e-11,3.8767211663071066e-11,-6.004663988257164e-10,6.004663988257164e-10
time,1.0,43200.0,0.1,-3.836930773104541e-11,3.836930773104541e-11,-5.997120577916348e-10,5.997120577916348e-10
time,1.0,43200.0,0.2,-3.785771696129814e-11,3.785771696129814e-11,-5.974454264645601e-10,5.974454264645601e-10
time,1.0,43200.0,0.3,-3.802824721788056e-11,3.802824721788056e-11,-5.936745539614208e-10,5.936745539614208e-10
time,1.0,43200.0,0.4,-3.7687186704715714e-11,3.7687186704715714e-11,-5.883941667228498e-10,5.883941667228498e-10
time,1.0,43200.0,0.5,-3.728928277269006e-11,3.728928277269006e-11,-5.816017667470419e-10,5.816017667470419e-10
time,1.0,43200.0,0.6,-3.6550318327499554e-11,3.6550318327499554e-11,-5.732963548332748e-10,5.732963548332748e-10
time,1.0,43200.0,0.7,-3.660716174636036e-11,3.660716174636036e-11,-5.63479485293783e-10,5.63479485293783e-10
time,1.0,43200.0,0.8,-3.75734998669941e-11,3.75734998669941e-11,-5.521370582961538e-10,5.521370582961538e-10
time,1.0,43200.0,0.9,-3.61524143954739e-11,3.61524143954739e-11,-5.392533641845887e-10,5.392533641845887e-10
time,1.0,43200.0,1.0,-3.495870259939693e-11,3.495870259939693e-11,-5.248220746878474e-10,5.248220746878474e-10
time,1.0,43200.0,1.1,-3.387867764104158e-11,3.387867764104158e-11,-5.088250376594772e-10,5.088250376594772e-10
time,1.0,43200.0,1.2,-3.268496584496461e-11,3.268496584496461e-11,-4.912397155720782e-10,4.912397155720782e-10
time,1.0,43200.0,1.3,-3.1946001399774104e-11,3.1946001399774104e-11,-4.720298041327453e-10,4.720298041327453e-10
time,1.0,43200.0,1.4,-2.9956481739645824e-11,2.9956481739645824e-11,-4.511500062420737e-10,4.511500062420737e-10
time,1.0,43200.0,1.5,-2.802380549837835e-11,2.802380549837835e-11,-4.2857650761618515e-10,4.2857650761618515e-10
time,1.0,43200.0,1.6,-2.4499513529008254e-11,2.4499513529008254e-11,-4.043438917022968e-10,4.043438917022968e-10
time,1.0,43200.0,1.7,-1.7905676941154525e-11,1.7905676941154525e-11,-3.7871439317882505e-10,3.7871439317882505e-10
time,1.0,43200.0,1.8,-2.5124791136477143e-11,2.5124791136477143e-11,-3.5281466637115955e-10,3.5281466637115955e-10
time,1.0,43200.0,1.9,-2.916067387559451e-11,2.916067387559451e-11,-3.3235475482840116e-10,3.3235475482840116e-10
time,1.0,43200.0,2.0,-2.751221472863108e-11,2.751221472863108e-11,-3.875777476736175e-10,3.875777476736175e-10
time,1.0,86400.0,0.0,-3.8255620893323794e-11,3.8255620893323794e-11,-1.6683179837606588e-10,1.6683179837606588e-10
time,1.0,86400.0,0.1,-3.888089850079268e-11,3.888089850079268e-11,-1.6659448820455225e-10,1.6659448820455225e-10
time,1.0,86400.0,0.2,-3.7346126191550866e-11,3.7346126191550866e-11,-1.6588891371682735e-10,1.6588891371682735e-10
time,1.0,86400.0,0.3,-3.660716174636036e-11,3.660716174636036e-11,-1.6470635966214786e-10,1.6470635966214786e-10
time,1.0,86400.0,0.4,-3.6493474908638746e-11,3.6493474908638746e-11,-1.6304521621712809e-10,1.6304521621712809e-10
time,1.0,86400.0,0.5,-3.603872755775228e-11,3.603872755775228e-11,-1.6089951593301066e-10,1.6089951593301066e-10
time,1.0,86400.0,0.6,-3.518607627484016e-11,3.518607627484016e-11,-1.5826190358225745e-10,1.5826190358225745e-10
time,1.0,86400.0,0.7,-3.444711182964966e-11,3.444711182964966e-11,-1.5513085260820958e-10,1.5513085260820958e-10
time,1.0,86400.0,0.8,-3.467448550509289e-11,3.467448550509289e-11,-1.5148907128725853e-10,1.5148907128725853e-10
time,1.0,86400.0,0.9,-3.461764208623208e-11,3.461764208623208e-11,-1.473243471661334e-10,1.473243471661334e-10
time,1.0,86400.0,1.0,-3.5072389437118545e-11,3.5072389437118545e-11,-1.4261039571472622e-10,1.4261039571472622e-10
time,1.0,86400.0,1.1,-3.5413449950283393e-11,3.5413449950283393e-11,-1.3731504822089846e-10,1.3731504822089846e-10
time,1.0,86400.0,1.2,-3.575451046344824e-11,3.575451046344824e-11,-1.3139042631671316e-10,1.3139042631671316e-10
time,1.0,86400.0,1.3,-3.575451046344824e-11,3.575451046344824e-11,-1.2476264465988152e-10,1.2476264465988152e-10
time,1.0,86400.0,1.4,-3.61524143954739e-11,3.61524143954739e-11,-1.1730294513512263e-10,1.1730294513512263e-10
time,1.0,86400.0,1.5,-3.694822225952521e-11,3.694822225952521e-11,-1.0877895806338245e-10,1.0877895806338245e-10
time,1.0,86400.0,1.6,-3.83124643121846e-11,3.83124643121846e-11,-9.871375938885762e-11,9.871375938885762e-11
time,1.0,86400.0,1.7,-3.780087354243733e-11,3.780087354243733e-11,-8.611386603796234e-11,8.611386603796234e-11
time,1.0,86400.0,1.8,-3.5413449950283393e-11,3.5413449950283393e-11,-6.853181910848605e-11,6.853181910848605e-11
time,1.0,86400.0,1.9,-3.2798652682686225e-11,3.2798652682686225e-11,-3.7208541803224193e-11,3.7208541803224193e-11
time,1.0,86400.0,2.0,-3.888089850079268e-11,3.888089850079268e-11,-4.541850229244915e-11,4.541850229244915e-11
time,1.0,172800.0,0.0,-3.5072389437118545e-11,3.5072389437118545e-11,-3.7351149950737295e-11,3.7351149950737295e-11
time,1.0,172800.0,0.1,-3.54702933691442e-11,3.54702933691442e-11,-3.731112641069956e-11,3.731112641069956e-11
time,1.0,172800.0,0.2,-3.5413449950283393e-11,3.5413449950283393e-11,-3.719555219383608e-11,3.719555219383608e-11
time,1.0,172800.0,0.3,-3.4503955248510465e-11,3.4503955248510465e-11,-3.700442730014686e-11,3.700442730014686e-11
time,1.0,172800.0,0.4,-3.416289473534562e-11,3.416289473534562e-11,-3.674052728719346e-11,3.674052728719346e-11
time,1.0,172800.0,0.5,-3.3651303965598345e-11,3.3651303965598345e-11,-3.640837631380123e-11,3.640837631380123e-11
time,1.0,172800.0,0.6,-3.2741809263825417e-11,3.2741809263825417e-11,-3.60119434272832e-11,3.60119434272832e-11
time,1.0,172800.0,0.7,-3.2230218494078144e-11,3.2230218494078144e-11,-3.5559111211114214e-11,3.5559111211114214e-11
time,1.0,172800.0,0.8,-3.183231456205249e-11,3.183231456205249e-11,-3.5058927982944965e-11,3.5058927982944965e-11
time,1.0,172800.0,0.9,-2.9956481739645824e-11,2.9956481739645824e-11,-3.452829688832537e-11,3.452829688832537e-11
time,1.0,172800.0,1.0,-2.8421709430404007e-11,2.8421709430404007e-11,-3.397948589167754e-11,3.397948589167754e-11
time,1.0,172800.0,1.1,-2.7284841053187847e-11,2.7284841053187847e-11,-3.3437891344689774e-11,3.3437891344689774e-11
time,1.0,172800.0,1.2,-2.6489033189136535e-11,2.6489033189136535e-11,-3.293412764726611e-11,3.293412764726611e-11
time,1.0,172800.0,1.3,-2.518163455533795e-11,2.518163455533795e-11,-3.2512714742694016e-11,3.2512714742694016e-11
time,1.0,172800.0,1.4,-2.319211489520967e-11,2.319211489520967e-11,-3.224318034789064e-11,3.224318034789064e-11
time,1.0,172800.0,1.5,-2.114575181622058e-11,2.114575181622058e-11,-3.2233771207756945e-11,3.2233771207756945e-11
time,1.0,172800.0,1.6,-1.9610979506978765e-11,1.9610979506978765e-11,-3.2680858019773495e-11,3.2680858019773495e-11
time,1.0,172800.0,1.7,-1.5802470443304628e-11,1.5802470443304628e-11,-3.4003397320070405e-11,3.4003397320070405e-11
time,1.0,172800.0,1.8,-1.48929757415317e-11,1.48929757415317e-11,-3.73900493899626e-11,3.73900493899626e-11
time,1.0,172800.0,1.9,-1.404032445861958e-11,1.404032445861958e-11,-4.812522602648528e-11,4.812522602648528e-11
time,1.0,172800.0,2.0,-1.3415046851150692e-11,1.3415046851150692e-11,-5.442209183303959e-12,5.442209183303959e-12
time,1.0,259200.0,0.0,-3.9960923459148034e-11,3.9960923459148034e-11,-1.8576223892452504e-11,1.8576223892452504e-11
time,1.0,259200.0,0.1,-4.092726157978177e-11,4.092726157978177e-11,-1.8568091508797124e-11,1.8568091508797124e-11
time,1.0,259200.0,0.2,-4.0756731323199347e-11,4.0756731323199347e-11,-1.8540585733362036e-11,1.8540585733362036e-11
time,1.0,259200.0,0.3,-4.064304448547773e-11,4.064304448547773e-11,-1.8496093545650183e-11,1.8496093545650183e-11
time,1.0,259200.0,0.4,-4.007461029686965e-11,4.007461029686965e-11,-1.843045160931922e-11,1.843045160931922e-11
time,1.0,259200.0,0.5,-3.950617610826157e-11,3.950617610826157e-11,-1.8348628172404347e-11,1.8348628172404347e-11
time,1.0,259200.0,0.6,-3.916511559509672e-11,3.916511559509672e-11,-1.8248180744251385e-11,1.8248180744251385e-11
time,1.0,259200.0,0.7,-3.8255620893323794e-11,3.8255620893323794e-11,-1.8127971346260097e-11,1.8127971346260097e-11
time,1.0,259200.0,0.8,-3.7402969610411674e-11,3.7402969610411674e-11,-1.7987195066737627e-11,1.7987195066737627e-11
time,1.0,259200.0,0.9,-3.5925040720030665e-11,3.5925040720030665e-11,-1.7826795595254907e-11,1.7826795595254907e-11
time,1.0,259200.0,1.0,-3.439026841078885e-11,3.439026841078885e-11,-1.764194346165482e-11,1.764194346165482e-11
time,1.0,259200.0,1.1,-3.2741809263825417e-11,3.2741809263825417e-11,-1.743283295496667e-11,1.743283295496667e-11
time,1.0,259200.0,1.2,-3.115019353572279e-11,3.115019353572279e-11,-1.7198700796861033e-11,1.7198700796861033e-11
time,1.0,259200.0,1.3,-2.9672264645341784e-11,2.9672264645341784e-11,-1.695038553961581e-11,1.695038553961581e-11
time,1.0,259200.0,1.4,-2.8705926524708048e-11,2.8705926524708048e-11,-1.6701681704311966e-11,1.6701681704311966e-11
time,1.0,259200.0,1.5,-2.8194335754960775e-11,2.8194335754960775e-11,-1.6468965080562725e-11,1.6468965080562725e-11
time,1.0,259200.0,1.6,-2.6261659513693303e-11,2.6261659513693303e-11,-1.6281059833644917e-11,1.6281059833644917e-11
time,1.0,259200.0,1.7,-2.2282620193436742e-11,2.2282620193436742e-11,-1.621063006052026e-11,1.621063006052026e-11
time,1.0,259200.0,1.8,-2.4840574042173102e-11,2.4840574042173102e-11,-1.6520132484210137e-11,1.6520132484210137e-11
time,1.0,259200.0,1.9,-2.3817392502678558e-11,2.3817392502678558e-11,-1.844842334453034e-11,1.844842334453034e-11
time,1.0,259200.0,2.0,-2.290789780090563e-11,2.290789780090563e-11,-1.6469325903045728e-12,1.6469325903045728e-12
time,0.5,21600.0,0.0,5.559286364587024e-11,5.559286364587024e-11,-2.0323653870946146e-10,2.0323653870946146e-10
time,0.5,21600.0,0.1,5.5649707064731047e-11,5.5649707064731047e-11,-2.0296497815763814e-10,2.0296497815763814e-10
time,0.5,21600.0,0.2,5.667288860422559e-11,5.667288860422559e-11,-2.0214119267336628e-10,2.0214119267336628e-10
time,0.5,21600.0,0.3,5.576339390245266e-11,5.576339390245266e-11,-2.007869426279285e-10,2.007869426279285e-10
time,0.5,21600.0,0.4,5.491074261954054e-11,5.491074261954054e-11,-1.9889889735225097e-10,1.9889889735225097e-10
time,0.5,21600.0,0.5,5.417177817435004e-11,5.417177817435004e-11,-1.9649537552623997e-10,1.9649537552623997e-10
time,0.5,21600.0,0.6,5.383071766118519e-11,5.383071766118519e-11,-1.9359824854348062e-10,1.9359824854348062e-10
time,0.5,21600.0,0.7,5.2580162446247414e-11,5.2580162446247414e-11,-1.9021673125507732e-10,1.9021673125507732e-10
time,0.5,21600.0,0.8,5.1102233555866405e-11,5.1102233555866405e-11,-1.863919019129412e-10,1.863919019129412e-10
time,0.5,21600.0,0.9,5.019273885409348e-11,5.019273885409348e-11,-1.8215040586966325e-10,1.8215040586966325e-10
time,0.5,21600.0,1.0,4.9112713895738125e-11,4.9112713895738125e-11,-1.7752677106130932e-10,1.7752677106130932e-10
time,0.5,21600.0,1.1,4.7919002099661157e-11,4.7919002099661157e-11,-1.7256807094412352e-10,1.7256807094412352e-10
time,0.5,21600.0,1.2,4.61000126961153e-11,4.61000126961153e-11,-1.673102767441037e-10,1.673102767441037e-10
time,0.5,21600.0,1.3,4.46789272245951e-11,4.46789272245951e-11,-1.618069012110368e-10,1.618069012110368e-10
time,0.5,21600.0,1.4,4.359890226623975e-11,4.359890226623975e-11,-1.561142326522713e-10,1.561142326522713e-10
time,0.5,21600.0,1.5,4.1950443119276315e-11,4.1950443119276315e-11,-1.5029388844567393e-10,1.5029388844567393e-10
time,0.5,21600.0,1.6,3.9960923459148034e-11,3.9960923459148034e-11,-1.444248054482955e-10,1.444248054482955e-10
time,0.5,21600.0,1.7,3.89945853385143e-11,3.89945853385143e-11,-1.3860901315609908e-10,1.3860901315609908e-10
time,0.5,21600.0,1.8,3.47313289239537e-11,3.47313289239537e-11,-1.3300949230909964e-10,1.3300949230909964e-10
time,0.5,21600.0,1.9,3.035438567167148e-11,3.035438567167148e-11,-1.2789347358932446e-10,1.2789347358932446e-10
time,0.5,21600.0,2.0,2.808064891723916e-11,2.808064891723916e-11,-1.237476787707692e-10,1.237476787707692e-10
time,0.5,43200.0,0.0,-2.8990143619012088e-11,2.8990143619012088e-11,-1.198639520971767e-10,1.198639520971767e-10
time,0.5,43200.0,0.1,-2.859223968698643e-11,2.859223968698643e-11,-1.1971235114316414e-10,1.1971235114316414e-10
time,0.5,43200.0,0.2,-2.7569058147491887e-11,2.7569058147491887e-11,-1.1925632703579936e-10,1.1925632703579936e-10
time,0.5,43200.0,0.3,-2.7569058147491887e-11,2.7569058147491887e-11,-1.1849993208912224e-10,1.1849993208912224e-10
time,0.5,43200.0,0.4,-2.7057467377744615e-11,2.7057467377744615e-11,-1.1744327732543525e-10,1.1744327732543525e-10
time,0.5,43200.0,0.5,-2.6489033189136535e-11,2.6489033189136535e-11,-1.1608358718717682e-10,1.1608358718717682e-10
time,0.5,43200.0,0.6,-2.609112925711088e-11,2.609112925711088e-11,-1.1442385927651344e-10,1.1442385927651344e-10
time,0.5,43200.0,0.7,-2.5693225325085223e-11,2.5693225325085223e-11,-1.1247014430892932e-10,1.1247014430892932e-10
time,0.5,43200.0,0.8,-2.518163455533795e-11,2.518163455533795e-11,-1.1020967471964127e-10,1.1020967471964127e-10
time,0.5,43200.0,0.9,-2.546585164964199e-11,2.546585164964199e-11,-1.0763845370576064e-10,1.0763845370576064e-10
time,0.5,43200.0,1.0,-2.5409008230781183e-11,2.5409008230781183e-11,-1.0476142175974701e-10,1.0476142175974701e-10
time,0.5,43200.0,1.1,-2.5067947717616335e-11,2.5067947717616335e-11,-1.0157225061036002e-10,1.0157225061036002e-10
time,0.5,43200.0,1.2,-2.546585164964199e-11,2.546585164964199e-11,-9.807088474644843e-11,9.807088474644843e-11
time,0.5,43200.0,1.3,-2.5579538487363607e-11,2.5579538487363607e-11,-9.424883096187386e-11,9.424883096187386e-11
time,0.5,43200.0,1.4,-2.5409008230781183e-11,2.5409008230781183e-11,-9.00907681788965e-11,9.00907681788965e-11
time,0.5,43200.0,1.5,-2.4556356947869062e-11,2.4556356947869062e-11,-8.559219999426659e-11,8.559219999426659e-11
time,0.5,43200.0,1.6,-2.2566837287740782e-11,2.2566837287740782e-11,-8.076356250441563e-11,8.076356250441563e-11
time,0.5,43200.0,1.7,-1.4779288903810084e-11,1.4779288903810084e-11,-7.56575913030133e-11,7.56575913030133e-11
time,0.5,43200.0,1.8,-2.1657342585967854e-11,2.1657342585967854e-11,-7.04992730859999e-11,7.04992730859999e-11
time,0.5,43200.0,1.9,-2.2509993868879974e-11,2.2509993868879974e-11,-6.64563959418274e-11,6.64563959418274e-11
time,0.5,43200.0,2.0,-1.8530954548623413e-11,1.8530954548623413e-11,-7.744471730575242e-11,7.744471730575242e-11
time,0.5,86400.0,0.0,-2.5409008230781183e-11,2.5409008230781183e-11,-3.266636960930214e-11,3.266636960930214e-11
time,0.5,86400.0,0.1,-2.5636381906224415e-11,2.5636381906224415e-11,-3.261910186402872e-11,3.261910186402872e-11
time,0.5,86400.0,0.2,-2.6204816094832495e-11,2.6204816094832495e-11,-3.248354363272199e-11,3.248354363272199e-11
time,0.5,86400.0,0.3,-2.575006874394603e-11,2.575006874394603e-11,-3.2253394399717195e-11,3.2253394399717195e-11
time,0.5,86400.0,0.4,-2.5352164811920375e-11,2.5352164811920375e-11,-3.192832109810695e-11,3.192832109810695e-11
time,0.5,86400.0,0.5,-2.489741746103391e-11,2.489741746103391e-11,-3.1506908193534855e-11,3.1506908193534855e-11
time,0.5,86400.0,0.6,-2.4215296434704214e-11,2.4215296434704214e-11,-3.0989072419274066e-11,3.0989072419274066e-11
time,0.5,86400.0,0.7,-2.432898327242583e-11,2.432898327242583e-11,-3.037126106164578e-11,3.037126106164578e-11
time,0.5,86400.0,0.8,-2.461320036672987e-11,2.461320036672987e-11,-2.965502843288448e-11,2.965502843288448e-11
time,0.5,86400.0,0.9,-2.3987922759260982e-11,2.3987922759260982e-11,-2.8844121535698264e-11,2.8844121535698264e-11
time,0.5,86400.0,1.0,-2.3362645151792094e-11,2.3362645151792094e-11,-2.7925245449367253e-11,2.7925245449367253e-11
time,0.5,86400.0,1.1,-2.2964741219766438e-11,2.2964741219766438e-11,-2.689190536919739e-11,2.689190536919739e-11
time,0.5,86400.0,1.2,-2.2737367544323206e-11,2.2737367544323206e-11,-2.5729141039931847e-11,2.5729141039931847e-11
time,0.5,86400.0,1.3,-2.2453150450019166e-11,2.2453150450019166e-11,-2.4411583865457942e-11,2.4411583865457942e-11
time,0.5,86400.0,1.4,-2.2225776774575934e-11,2.2225776774575934e-11,-2.288383371684688e-11,2.288383371684688e-11
time,0.5,86400.0,1.5,-2.1657342585967854e-11,2.1657342585967854e-11,-2.1021906437823645e-11,2.1021906437823645e-11
time,0.5,86400.0,1.6,-2.0406787371030077e-11,2.0406787371030077e-11,-1.8538032220405398e-11,1.8538032220405398e-11
time,0.5,86400.0,1.7,-1.745092959026806e-11,1.745092959026806e-11,-1.4777817858302456e-11,1.4777817858302456e-11
time,0.5,86400.0,1.8,-1.6655121726216748e-11,1.6655121726216748e-11,-8.03720978659328e-12,8.03720978659328e-12
time,0.5,86400.0,1.9,-1.3869794202037156e-11,1.3869794202037156e-11,8.149952934743965e-12,8.149952934743965e-12
time,0.5,86400.0,2.0,-1.836042429204099e-11,1.836042429204099e-11,-1.3191822634261996e-11,1.3191822634261996e-11
time,0.5,172800.0,0.0,-3.313971319585107e-11,3.313971319585107e-11,-6.896955229152013e-12,6.896955229152013e-12
time,0.5,172800.0,0.1,-3.211653165635653e-11,3.211653165635653e-11,-6.8952066278882285e-12,6.8952066278882285e-12
time,0.5,172800.0,0.2,-3.325340003357269e-11,3.325340003357269e-11,-6.894873560980841e-12,6.894873560980841e-12
time,0.5,172800.0,0.3,-3.268496584496461e-11,3.268496584496461e-11,-6.8925143370535125e-12,6.8925143370535125e-12
time,0.5,172800.0,0.4,-3.200284481863491e-11,3.200284481863491e-11,-6.8910155359702685e-12,6.8910155359702685e-12
time,0.5,172800.0,0.5,-3.171862772433087e-11,3.171862772433087e-11,-6.889933068521259e-12,6.889933068521259e-12
time,0.5,172800.0,0.6,-3.126388037344441e-11,3.126388037344441e-11,-6.8897387794919496e-12,6.8897387794919496e-12
time,0.5,172800.0,0.7,-3.007016857736744e-11,3.007016857736744e-11,-6.890765735789728e-12,6.890765735789728e-12
time,0.5,172800.0,0.8,-2.9899638320785016e-11,2.9899638320785016e-11,-6.894429471770991e-12,6.894429471770991e-12
time,0.5,172800.0,0.9,-2.7682744985213503e-11,2.7682744985213503e-11,-6.901895721611595e-12,6.901895721611595e-12
time,0.5,172800.0,1.0,-2.6489033189136535e-11,2.6489033189136535e-11,-6.912137529013762e-12,6.912137529013762e-12
time,0.5,172800.0,1.1,-2.580691216280684e-11,2.580691216280684e-11,-6.932870943998637e-12,6.932870943998637e-12
time,0.5,172800.0,1.2,-2.5409008230781183e-11,2.5409008230781183e-11,-6.966371923766701e-12,6.966371923766701e-12
time,0.5,172800.0,1.3,-2.461320036672987e-11,2.461320036672987e-11,-7.0169703381139925e-12,7.0169703381139925e-12
time,0.5,172800.0,1.4,-2.404476617812179e-11,2.404476617812179e-11,-7.094103082749825e-12,7.094103082749825e-12
time,0.5,172800.0,1.5,-2.3646862246096134e-11,2.3646862246096134e-11,-7.212702657355408e-12,7.212702657355408e-12
time,0.5,172800.0,1.6,-2.3419488570652902e-11,2.3419488570652902e-11,-7.406381064001266e-12,7.406381064001266e-12
time,0.5,172800.0,1.7,-2.233946361229755e-11,2.233946361229755e-11,-7.748968133824974e-12,7.748968133824974e-12
time,0.5,172800.0,1.8,-1.9326762412674725e-11,1.9326762412674725e-11,-8.491332637028393e-12,8.491332637028393e-12
time,0.5,172800.0,1.9,-1.6655121726216748e-11,1.6655121726216748e-11,-1.0700787478334917e-11,1.0700787478334917e-11
time,0.5,172800.0,2.0,-2.0236257114447653e-11,2.0236257114447653e-11,-1.3076345561913172e-12,1.3076345561913172e-12
time,0.5,259200.0,0.0,-4.121147867408581e-11,4.121147867408581e-11,-3.1255831256515876e-12,3.1255831256515876e-12
time,0.5,259200.0,0.1,-4.177991286269389e-11,4.177991286269389e-11,-3.125333325471047e-12,3.125333325471047e-12
time,0.5,259200.0,0.2,-4.0529357647756115e-11,4.0529357647756115e-11,-3.120254055133387e-12,3.120254055133387e-12
time,0.5,259200.0,0.3,-3.9904080040287226e-11,3.9904080040287226e-11,-3.11134451536077e-12,3.11134451536077e-12
time,0.5,259200.0,0.4,-3.9392489270539954e-11,3.9392489270539954e-11,-3.101241485836681e-12,3.101241485836681e-12
time,0.5,259200.0,0.5,-3.922195901395753e-11,3.922195901395753e-11,-3.0880298318436417e-12,3.0880298318436417e-12
time,0.5,259200.0,0.6,-3.9051428757375106e-11,3.9051428757375106e-11,-3.07096015284003e-12,3.07096015284003e-12
time,0.5,259200.0,0.7,-3.922195901395753e-11,3.922195901395753e-11,-3.050310004582002e-12,3.050310004582002e-12
time,0.5,259200.0,0.8,-3.893774191965349e-11,3.893774191965349e-11,-3.024663852713161e-12,3.024663852713161e-12
time,0.5,259200.0,0.9,-3.700506567838602e-11,3.700506567838602e-11,-2.9943825197165097e-12,2.9943825197165097e-12
time,0.5,259200.0,1.0,-3.609557097661309e-11,3.609557097661309e-11,-2.955163891371626e-12,2.955163891371626e-12
time,0.5,259200.0,1.1,-3.495870259939693e-11,3.495870259939693e-11,-2.9113933486257793e-12,2.9113933486257793e-12
time,0.5,259200.0,1.2,-3.387867764104158e-11,3.387867764104158e-11,-2.8595736889514e-12,2.8595736889514e-12
time,0.5,259200.0,1.3,-3.240074875066057e-11,3.240074875066057e-11,-2.803327014966328e-12,2.803327014966328e-12
time,0.5,259200.0,1.4,-3.154809746774845e-11,3.154809746774845e-11,-2.751063266082099e-12,2.751063266082099e-12
time,0.5,259200.0,1.5,-3.012701199622825e-11,3.012701199622825e-11,-2.7083058018462225e-12,2.7083058018462225e-12
time,0.5,259200.0,1.6,-2.8194335754960775e-11,2.8194335754960775e-11,-2.685768274446332e-12,2.685768274446332e-12
time,0.5,259200.0,1.7,-2.467004378559068e-11,2.467004378559068e-11,-2.694219847221291e-12,2.694219847221291e-12
time,0.5,259200.0,1.8,-2.575006874394603e-11,2.575006874394603e-11,-2.8178986921645333e-12,2.8178986921645333e-12
time,0.5,259200.0,1.9,-2.745537130977027e-11,2.745537130977027e-11,-3.3259089926573893e-12,3.3259089926573893e-12
time,0.5,259200.0,2.0,-3.3310243452433497e-11,3.3310243452433497e-11,-2.7804147872956264e-13,2.7804147872956264e-13
space,20,21600.0,0.0,1.206282718158036e-07,1.206282718158036e-07,5.5312343135494046e-05,5.5312343135494046e-05
space,20,21600.0,0.1,1.206874458148377e-07,1.206874458148377e-07,5.513064751760943e-05,5.513064751760943e-05
space,20,21600.0,0.2,1.2096217005819199e-07,1.2096217005819199e-07,5.4466797781760334e-05,5.4466797781760334e-05
space,20,21600.0,0.3,1.2204054655740038e-07,1.2204054655740038e-07,5.259541882174368e-05,5.259541882174368e-05
space,20,21600.0,0.4,1.216399141412694e-07,1.216399141412694e-07,5.230329243055554e-05,5.230329243055554e-05
space,20,21600.0,0.5,1.2399175375321647e-07,1.2399175375321647e-07,4.835930087210283e-05,4.835930087210283e-05
space,20,21600.0,0.6,1.2178725228295662e-07,1.2178725228295662e-07,4.986754203872845e-05,4.986754203872845e-05
space,20,21600.0,0.7,1.2539101135189412e-07,1.2539101135189412e-07,4.372717793699188e-05,4.372717793699188e-05
space,20,21600.0,0.8,1.25196265798877e-07,1.25196265798877e-07,4.215763740944567e-05,4.215763740944567e-05
space,20,21600.0,0.9,1.2422066220096895e-07,1.2422066220096895e-07,4.136376493579785e-05,4.136376493579785e-05
space,20,21600.0,1.0,1.2980012797925156e-07,1.2980012797925156e-07,3.115461000424702e-05,3.115461000424702e-05
space,20,21600.0,1.1,1.3002318155486137e-07,1.3002318155486137e-07,2.7847366070976598e-05,2.7847366070976598e-05
space,20,21600.0,1.2,1.26860413729446e-07,1.26860413729446e-07,2.91602118681622e-05,2.91602118681622e-05
space,20,21600.0,1.3,1.275431031899643e-07,1.275431031899643e-07,2.406789715092561e-05,2.406789715092561e-05
space,20,21600.0,1.4,1.3369583484745817e-07,1.3369583484745817e-07,8.582285618286e-06,8.582285618286e-06
space,20,21600.0,1.5,1.4277065929491073e-07,1.4277065929491073e-07,-1.495907835424859e-05,1.495907835424859e-05
space,20,21600.0,1.6,1.4997806374594802e-07,1.4997806374594802e-07,-3.911449810234391e-05,3.911449810234391e-05
space,20,21600.0,1.7,1.5136805586735136e-07,1.5136805586735136e-07,-5.525427049546394e-05,5.525427049546394e-05
space,20,21600.0,1.8,1.4783017832087353e-07,1.4783017832087353e-07,-6.361099058482811e-05,6.361099058482811e-05
space,20,21600.0,1.9,1.4321329899757984e-07,1.4321329899757984e-07,-7.379681572938779e-05,7.379681572938779e-05
space,20,21600.0,2.0,1.359090902042226e-07,1.359090902042226e-07,-7.904968355298969e-05,7.904968355298969e-05
space,20,43200.0,0.0,-1.9610979506978765e-11,1.9610979506978765e-11,0.0001216608851691281,0.0001216608851691281
space,20,43200.0,0.1,-1.9042545318370685e-11,1.9042545318370685e-11,0.00012188968344445383,0.00012188968344445383
space,20,43200.0,0.2,-1.8758328224066645e-11,1.8758328224066645e-11,0.0001225126967212553,0.0001225126967212553
space,20,43200.0,0.3,-1.887201506178826e-11,1.887201506178826e-11,0.00012312143590337277,0.00012312143590337277
space,20,43200.0,0.4,-1.836042429204099e-11,1.836042429204099e-11,0.00012536604365653847,0.00012536604365653847
space,20,43200.0,0.5,-1.830358087318018e-11,1.830358087318018e-11,0.00012618448714524222,0.00012618448714524222
space,20,43200.0,0.6,-1.7394086171407253e-11,1.7394086171407253e-11,0.00013113996438351982,0.00013113996438351982
space,20,43200.0,0.7,-1.6711965145077556e-11,1.6711965145077556e-11,0.00013218649847474007,0.00013218649847474007
space,20,43200.0,0.8,-1.6484591469634324e-11,1.6484591469634324e-11,0.00013713230812795185,0.00013713230812795185
space,20,43200.0,0.9,-1.6370904631912708e-11,1.6370904631912708e-11,0.00014382072524071754,0.00014382072524071754
space,20,43200.0,1.0,-1.6200374375330284e-11,1.6200374375330284e-11,0.00014484369203343617,0.00014484369203343617
space,20,43200.0,1.1,-1.6484591469634324e-11,1.6484591469634324e-11,0.00015240568888841288,0.00015240568888841288
space,20,43200.0,1.2,-1.6370904631912708e-11,1.6370904631912708e-11,0.00016598692911717894,0.00016598692911717894
space,20,43200.0,1.3,-1.6257217794191092e-11,1.6257217794191092e-11,0.0001761479711882008,0.0001761479711882008
space,20,43200.0,1.4,-1.546140993013978e-11,1.546140993013978e-11,0.00017666229387452992,0.00017666229387452992
space,20,43200.0,1.5,-1.5063505998114124e-11,1.5063505998114124e-11,0.0001657035487205305,0.0001657035487205305
space,20,43200.0,1.6,-1.3244516594568267e-11,1.3244516594568267e-11,0.00014886758077065076,0.00014886758077065076
space,20,43200.0,1.7,-8.412825991399586e-12,8.412825991399586e-12,0.0001421229370174304,0.0001421229370174304
space,20,43200.0,1.8,-1.2448708730516955e-11,1.2448708730516955e-11,0.00015075192060937104,0.00015075192060937104
space,20,43200.0,1.9,-1.4495071809506044e-11,1.4495071809506044e-11,0.00011576917191655212,0.00011576917191655212
space,20,43200.0,2.0,-1.2448708730516955e-11,1.2448708730516955e-11,-0.00017436566198161807,0.00017436566198161807
space,20,86400.0,0.0,-2.2225776774575934e-11,2.2225776774575934e-11,0.0003497606672247522,0.0003497606672247522
space,20,86400.0,0.1,-2.2396307031158358e-11,2.2396307031158358e-11,0.0003505864250276658,0.0003505864250276658
space,20,86400.0,0.2,-2.148681232938543e-11,2.148681232938543e-11,0.0003530537004139689,0.0003530537004139689
space,20,86400.0,0.3,-2.0975221559638157e-11,2.0975221559638157e-11,0.00035704359413743503,0.00035704359413743503
space,20,86400.0,0.4,-2.0691004465334117e-11,2.0691004465334117e-11,0.00036331182448140487,0.00036331182448140487
space,20,86400.0,0.5,-2.0179413695586845e-11,2.0179413695586845e-11,0.00037071876246710933,0.00037071876246710933
space,20,86400.0,0.6,-1.944044925039634e-11,1.944044925039634e-11,0.00038177052929772026,0.00038177052929772026
space,20,86400.0,0.7,-1.8815171642927453e-11,1.8815171642927453e-11,0.00039327464809335577,0.00039327464809335577
space,20,86400.0,0.8,-1.8701484805205837e-11,1.8701484805205837e-11,0.0004089276185732238,0.0004089276185732238
space,20,86400.0,0.9,-1.7962520360015333e-11,1.7962520360015333e-11,0.0004282757633329026,0.0004282757633329026
space,20,86400.0,1.0,-1.779199010343291e-11,1.779199010343291e-11,0.00044838322579443535,0.00044838322579443535
space,20,86400.0,1.1,-1.7394086171407253e-11,1.7394086171407253e-11,0.0004759117448695782,0.0004759117448695782
space,20,86400.0,1.2,-1.6825651982799172e-11,1.6825651982799172e-11,0.0005121183575663435,0.0005121183575663435
space,20,86400.0,1.3,-1.6086687537608668e-11,1.6086687537608668e-11,0.0005539223032968721,0.0005539223032968721
space,20,86400.0,1.4,-1.5916157281026244e-11,1.5916157281026244e-11,0.0006002045655279231,0.0006002045655279231
space,20,86400.0,1.5,-1.5631940186722204e-11,1.5631940186722204e-11,0.0006537437373596855,0.0006537437373596855
space,20,86400.0,1.6,-1.4097167877480388e-11,1.4097167877480388e-11,0.0007261503557021709,0.0007261503557021709
space,20,86400.0,1.7,-1.2221335055073723e-11,1.2221335055073723e-11,0.0008481944726370372,0.0008481944726370372
space,20,86400.0,1.8,-1.0800249583553523e-11,1.0800249583553523e-11,0.0010787625483497931,0.0010787625483497931
space,20,86400.0,1.9,-8.242295734817162e-12,8.242295734817162e-12,0.0015790390532892384,0.0015790390532892384
space,20,86400.0,2.0,-1.1254996934439987e-11,1.1254996934439987e-11,-0.00011336478590930066,0.00011336478590930066
space,20,172800.0,0.0,-2.2453150450019166e-11,2.2453150450019166e-11,0.00044425974349601716,0.00044425974349601716
space,20,172800.0,0.1,-2.205524651799351e-11,2.205524651799351e-11,0.00044507526668260966,0.00044507526668260966
space,20,172800.0,0.2,-2.2396307031158358e-11,2.2396307031158358e-11,0.00044752837809325374,0.00044752837809325374
space,20,172800.0,0.3,-2.1657342585967854e-11,2.1657342585967854e-11,0.00045160171706609686,0.00045160171706609686
space,20,172800.0,0.4,-2.091837814077735e-11,2.091837814077735e-11,0.0004576679240704262,0.0004576679240704262
space,20,172800.0,0.5,-2.063416104647331e-11,2.063416104647331e-11,0.0004653286220555608,0.0004653286220555608
space,20,172800.0,0.6,-2.000888343900442e-11,2.000888343900442e-11,0.00047577501571827163,0.00047577501571827163
space,20,172800.0,0.7,-1.944044925039634e-11,1.944044925039634e-11,0.00048777423705384515,0.00048777423705384515
space,20,172800.0,0.8,-1.9383605831535533e-11,1.9383605831535533e-11,0.0005031631579326401,0.0005031631579326401
space,20,172800.0,0.9,-1.722355591482483e-11,1.722355591482483e-11,0.0005220408103405738,0.0005220408103405738
space,20,172800.0,1.0,-1.6370904631912708e-11,1.6370904631912708e-11,0.0005433765296620763,0.0005433765296620763
space,20,172800.0,1.1,-1.5631940186722204e-11,1.5631940186722204e-11,0.0005708493435644946,0.0005708493435644946
space,20,172800.0,1.2,-1.5063505998114124e-11,1.5063505998114124e-11,0.0006058974043193777,0.0006058974043193777
space,20,172800.0,1.3,-1.4154011296341196e-11,1.4154011296341196e-11,0.0006480155973808133,0.0006480155973808133
space,20,172800.0,1.4,-1.3130829756846651e-11,1.3130829756846651e-11,0.0006980362141690566,0.0006980362141690566
space,20,172800.0,1.5,-1.2676082405960187e-11,1.2676082405960187e-11,0.0007597669181106104,0.0007597669181106104
space,20,172800.0,1.6,-1.233502189279534e-11,1.233502189279534e-11,0.000844160937083005,0.000844160937083005
space,20,172800.0,1.7,-1.1254996934439987e-11,1.1254996934439987e-11,0.0009790164950160274,0.0009790164950160274
space,20,172800.0,1.8,-1.1368683772161603e-11,1.1368683772161603e-11,0.0012261979858846223,0.0012261979858846223
space,20,172800.0,1.9,-1.1596057447604835e-11,1.1596057447604835e-11,0.0017945543408773301,0.0017945543408773301
space,20,172800.0,2.0,-1.1652900866465643e-11,1.1652900866465643e-11,3.3151348260880564e-05,3.3151348260880564e-05
space,20,259200.0,0.0,-3.001332515850663e-11,3.001332515850663e-11,0.0004183213582394929,0.0004183213582394929
space,20,259200.0,0.1,-3.063860276597552e-11,3.063860276597552e-11,0.0004188464755201793,0.0004188464755201793
space,20,259200.0,0.2,-3.001332515850663e-11,3.001332515850663e-11,0.00042042461615010573,0.00042042461615010573
space,20,259200.0,0.3,-2.955857780762017e-11,2.955857780762017e-11,0.00042303888666977985,0.00042303888666977985
space,20,259200.0,0.4,-2.8705926524708048e-11,2.8705926524708048e-11,0.00042693216941672163,0.00042693216941672163
space,20,259200.0,0.5,-2.830802259268239e-11,2.830802259268239e-11,0.0004318202960959805,0.0004318202960959805
space,20,259200.0,0.6,-2.779643182293512e-11,2.779643182293512e-11,0.0004384994429710576,0.0004384994429710576
space,20,259200.0,0.7,-2.7341684472048655e-11,2.7341684472048655e-11,0.0004460907648216328,0.0004460907648216328
space,20,259200.0,0.8,-2.717115421546623e-11,2.717115421546623e-11,0.00045583134910315293,0.00045583134910315293
space,20,259200.0,0.9,-2.55226950685028e-11,2.55226950685028e-11,0.000467744336793946,0.000467744336793946
space,20,259200.0,1.0,-2.4385826691286638e-11,2.4385826691286638e-11,0.0004809951736228224,0.0004809951736228224
space,20,259200.0,1.1,-2.3703705664956942e-11,2.3703705664956942e-11,0.0004981210801581204,0.0004981210801581204
space,20,259200.0,1.2,-2.2680524125462398e-11,2.2680524125462398e-11,0.0005200269568219062,0.0005200269568219062
space,20,259200.0,1.3,-2.114575181622058e-11,2.114575181622058e-11,0.000546032424340745,0.000546032424340745
space,20,259200.0,1.4,-2.000888343900442e-11,2.000888343900442e-11,0.0005761766372090193,0.0005761766372090193
space,20,259200.0,1.5,-1.91562321560923e-11,1.91562321560923e-11,0.000612322934822912,0.000612322934822912
space,20,259200.0,1.6,-1.750777300912887e-11,1.750777300912887e-11,0.0006610737253190391,0.0006610737253190391
space,20,259200.0,1.7,-1.7280399333685637e-11,1.7280399333685637e-11,0.0007404587138228752,0.0007404587138228752
space,20,259200.0,1.8,-1.5518253349000588e-11,1.5518253349000588e-11,0.0008891353494865917,0.0008891353494865917
space,20,259200.0,1.9,-1.6768808563938364e-11,1.6768808563938364e-11,0.0012266984474205433,0.0012266984474205433
space,20,259200.0,2.0,-1.7337242752546445e-11,1.7337242752546445e-11,2.8950435181238077e-05,2.8950435181238077e-05
space,40,21600.0,0.0,8.121281780404388e-08,8.121281780404388e-08,1.8754974911994182e-05,1.8754974911994182e-05
space,40,21600.0,0.1,8.129035222737002e-08,8.129035222737002e-08,1.8557664987151057e-05,1.8557664987151057e-05
space,40,21600.0,0.2,8.168922249751631e-08,8.168922249751631e-08,1.7760007257505706e-05,1.7760007257505706e-05
space,40,21600.0,0.3,8.208746749005513e-08,8.208746749005513e-08,1.6745622857916587e-05,1.6745622857916587e-05
space,40,21600.0,0.4,8.21706294118485e-08,8.21706294118485e-08,1.5895725509085246e-05,1.5895725509085246e-05
space,40,21600.0,0.5,8.166307452484034e-08,8.166307452484034e-08,1.5552129991047714e-05,1.5552129991047714e-05
space,40,21600.0,0.6,8.052961675275583e-08,8.052961675275583e-08,1.577634933791483e-05,1.577634933791483e-05
space,40,21600.0,0.7,7.990212225195137e-08,7.990212225195137e-08,1.513711384626415e-05,1.513711384626415e-05
space,40,21600.0,0.8,8.113516969388002e-08,8.113516969388002e-08,1.1824905967627863e-05,1.1824905967627863e-05
space,40,21600.0,0.9,8.180131771950983e-08,8.180131771950983e-08,8.952007606422008e-06,8.952007606422008e-06
space,40,21600.0,1.0,8.077893198787933e-08,8.077893198787933e-08,8.053724072865087e-06,8.053724072865087e-06
space,40,21600.0,1.1,8.090688652373501e-08,8.090688652373501e-08,5.19571717316758e-06,5.19571717316758e-06
space,40,21600.0,1.2,8.01197757027694e-08,8.01197757027694e-08,3.2880340533614216e-06,3.2880340533614216e-06
space,40,21600.0,1.3,7.930657375254668e-08,7.930657375254668e-08,9.749542151382684e-07,9.749542151382684e-07
space,40,21600.0,1.4,7.84270355325134e-08,7.84270355325134e-08,-1.795240549884447e-06,1.795240549884447e-06
space,40,21600.0,1.5,7.790021072651143e-08,7.790021072651143e-08,-5.935339417950658e-06,5.935339417950658e-06
space,40,21600.0,1.6,7.693796533203567e-08,7.693796533203567e-08,-1.0240287377838442e-05,1.0240287377838442e-05
space,40,21600.0,1.7,7.475341590179596e-08,7.475341590179596e-08,-1.3001604280638013e-05,1.3001604280638013e-05
space,40,21600.0,1.8,7.192943485279102e-08,7.192943485279102e-08,-1.5462761714490902e-05,1.5462761714490902e-05
space,40,21600.0,1.9,6.867742285976419e-08,6.867742285976419e-08,-1.8179430009923614e-05,1.8179430009923614e-05
space,40,21600.0,2.0,6.468155788752483e-08,6.468155788752483e-08,-1.962188362458761e-05,1.962188362458761e-05
space,40,43200.0,0.0,3.205968823749572e-11,3.205968823749572e-11,2.9519354235452155e-05,2.9519354235452155e-05
space,40,43200.0,0.1,3.2798652682686225e-11,3.2798652682686225e-11,2.9496915222193554e-05,2.9496915222193554e-05
space,40,43200.0,0.2,3.2457592169521376e-11,3.2457592169521376e-11,2.931071980216693e-05,2.931071980216693e-05
space,40,43200.0,0.3,3.205968823749572e-11,3.205968823749572e-11,2.9178107315563917e-05,2.9178107315563917e-05
space,40,43200.0,0.4,3.200284481863491e-11,3.200284481863491e-11,2.9322977892709545e-05,2.9322977892709545e-05
space,40,43200.0,0.5,3.240074875066057e-11,3.240074875066057e-11,2.9962519791537634e-05,2.9962519791537634e-05
space,40,43200.0,0.6,3.2514435588382185e-11,3.2514435588382185e-11,3.116601331837332e-05,3.116601331837332e-05
space,40,43200.0,0.7,3.2230218494078144e-11,3.2230218494078144e-11,3.206348377543522e-05,3.206348377543522e-05
space,40,43200.0,0.8,3.069544618483633e-11,3.069544618483633e-11,3.143060617344373e-05,3.143060617344373e-05
space,40,43200.0,0.9,2.893330020015128e-11,2.893330020015128e-11,3.1293582229308115e-05,3.1293582229308115e-05
space,40,43200.0,1.0,2.631850293255411e-11,2.631850293255411e-11,3.281036386398872e-05,3.281036386398872e-05
space,40,43200.0,1.1,2.4215296434704214e-11,2.4215296434704214e-11,3.30897665230534e-05,3.30897665230534e-05
space,40,43200.0,1.2,2.1827872842550278e-11,2.1827872842550278e-11,3.446874722984328e-05,3.446874722984328e-05
space,40,43200.0,1.3,1.9667822925839573e-11,1.9667822925839573e-11,3.580623444471298e-05,3.580623444471298e-05
space,40,43200.0,1.4,1.8189894035458565e-11,1.8189894035458565e-11,3.691591466509214e-05,3.691591466509214e-05
space,40,43200.0,1.5,1.7109869077103212e-11,1.7109869077103212e-11,3.63485881453296e-05,3.63485881453296e-05
space,40,43200.0,1.6,1.6768808563938364e-11,1.6768808563938364e-11,3.5054465828798786e-05,3.5054465828798786e-05
space,40,43200.0,1.7,1.9667822925839573e-11,1.9667822925839573e-11,3.6353059969740364e-05,3.6353059969740364e-05
space,40,43200.0,1.8,1.3869794202037156e-11,1.3869794202037156e-11,3.6573010242846316e-05,3.6573010242846316e-05
space,40,43200.0,1.9,9.947598300641403e-12,9.947598300641403e-12,2.376773976295321e-05,2.376773976295321e-05
space,40,43200.0,2.0,1.0970779840135947e-11,1.0970779840135947e-11,-4.431958096243194e-05,4.431958096243194e-05
space,40,86400.0,0.0,2.7853275241795927e-11,2.7853275241795927e-11,8.113434152987042e-05,8.113434152987042e-05
space,40,86400.0,0.1,2.8137492336099967e-11,2.8137492336099967e-11,8.12880916202241e-05,8.12880916202241e-05
space,40,86400.0,0.2,2.8137492336099967e-11,2.8137492336099967e-11,8.170421669242978e-05,8.170421669242978e-05
space,40,86400.0,0.3,2.8194335754960775e-11,2.8194335754960775e-11,8.247947032319347e-05,8.247947032319347e-05
space,40,86400.0,0.4,2.773958840407431e-11,2.773958840407431e-11,8.372276495119402e-05,8.372276495119402e-05
space,40,86400.0,0.5,2.779643182293512e-11,2.779643182293512e-11,8.555319683975493e-05,8.555319683975493e-05
space,40,86400.0,0.6,2.7682744985213503e-11,2.7682744985213503e-11,8.804361264969085e-05,8.804361264969085e-05
space,40,86400.0,0.7,2.7114310796605423e-11,2.7114310796605423e-11,9.087207949254328e-05,9.087207949254328e-05
space,40,86400.0,0.8,2.6432189770275727e-11,2.6432189770275727e-11,9.354535870428893e-05,9.354535870428893e-05
space,40,86400.0,0.9,2.4272139853565022e-11,2.4272139853565022e-11,9.705135347168325e-05,9.705135347168325e-05
space,40,86400.0,1.0,2.233946361229755e-11,2.233946361229755e-11,0.00010207549383511871,0.00010207549383511871
space,40,86400.0,1.1,2.0691004465334117e-11,2.0691004465334117e-11,0.00010740252794266825,0.00010740252794266825
space,40,86400.0,1.2,1.9099388737231493e-11,1.9099388737231493e-11,0.00011446087819186324,0.00011446087819186324
space,40,86400.0,1.3,1.7394086171407253e-11,1.7394086171407253e-11,0.00012304052598538506,0.00012304052598538506
space,40,86400.0,1.4,1.574562702444382e-11,1.574562702444382e-11,0.00013360926407068874,0.00013360926407068874
space,40,86400.0,1.5,1.4495071809506044e-11,1.4495071809506044e-11,0.00014623676560276966,0.00014623676560276966
space,40,86400.0,1.6,1.3585577107733116e-11,1.3585577107733116e-11,0.00016329231793821286,0.00016329231793821286
space,40,86400.0,1.7,1.3415046851150692e-11,1.3415046851150692e-11,0.0001913356205337502,0.0001913356205337502
space,40,86400.0,1.8,1.2562395568238571e-11,1.2562395568238571e-11,0.00023853431870773933,0.00023853431870773933
space,40,86400.0,1.9,1.2676082405960187e-11,1.2676082405960187e-11,0.00033414749261304055,0.00033414749261304055
space,40,86400.0,2.0,6.0822458181064576e-12,6.0822458181064576e-12,-1.5273831381307224e-05,1.5273831381307224e-05
space,40,172800.0,0.0,2.802380549837835e-11,2.802380549837835e-11,8.91068468809042e-05,8.91068468809042e-05
space,40,172800.0,0.1,2.7910118660656735e-11,2.7910118660656735e-11,8.921894068589231e-05,8.921894068589231e-05
space,40,172800.0,0.2,2.745537130977027e-11,2.745537130977027e-11,8.953725687135816e-05,8.953725687135816e-05
space,40,172800.0,0.3,2.7910118660656735e-11,2.7910118660656735e-11,9.01048860935949e-05,9.01048860935949e-05
space,40,172800.0,0.4,2.8137492336099967e-11,2.8137492336099967e-11,9.097323143431035e-05,9.097323143431035e-05
space,40,172800.0,0.5,2.7910118660656735e-11,2.7910118660656735e-11,9.22026200245174e-05,9.22026200245174e-05
space,40,172800.0,0.6,2.773958840407431e-11,2.773958840407431e-11,9.383908770657645e-05,9.383908770657645e-05
space,40,172800.0,0.7,2.7284841053187847e-11,2.7284841053187847e-11,9.575713039872147e-05,9.575713039872147e-05
space,40,172800.0,0.8,2.6489033189136535e-11,2.6489033189136535e-11,9.774715830743186e-05,9.774715830743186e-05
space,40,172800.0,0.9,2.5636381906224415e-11,2.5636381906224415e-11,0.00010028326774505492,0.00010028326774505492
space,40,172800.0,1.0,2.4783730623312294e-11,2.4783730623312294e-11,0.00010373083430123553,0.00010373083430123553
space,40,172800.0,1.1,2.3305801732931286e-11,2.3305801732931286e-11,0.00010755072188850523,0.00010755072188850523
space,40,172800.0,1.2,2.1657342585967854e-11,2.1657342585967854e-11,0.00011252334017092247,0.00011252334017092247
space,40,172800.0,1.3,2.0122570276726037e-11,2.0122570276726037e-11,0.00011863926486968546,0.00011863926486968546
space,40,172800.0,1.4,1.9099388737231493e-11,1.9099388737231493e-11,0.00012628090414487647,0.00012628090414487647
space,40,172800.0,1.5,1.807620719773695e-11,1.807620719773695e-11,0.00013568427921359372,0.00013568427921359372
space,40,172800.0,1.6,1.688249540165998e-11,1.688249540165998e-11,0.00014857233397827518,0.00014857233397827518
space,40,172800.0,1.7,1.5859313862165436e-11,1.5859313862165436e-11,0.00016973068925590917,0.00016973068925590917
space,40,172800.0,1.8,1.4154011296341196e-11,1.4154011296341196e-11,0.00020636173069692176,0.00020636173069692176
space,40,172800.0,1.9,1.2107648217352107e-11,1.2107648217352107e-11,0.0002855077366881176,0.0002855077366881176
space,40,172800.0,2.0,9.606537787476555e-12,9.606537787476555e-12,4.299101088352242e-06,4.299101088352242e-06
space,40,259200.0,0.0,2.0179413695586845e-11,2.0179413695586845e-11,7.819860141924928e-05,7.819860141924928e-05
space,40,259200.0,0.1,1.8815171642927453e-11,1.8815171642927453e-11,7.828292526743108e-05,7.828292526743108e-05
space,40,259200.0,0.2,1.978150976356119e-11,1.978150976356119e-11,7.852389016893557e-05,7.852389016893557e-05
space,40,259200.0,0.3,1.9610979506978765e-11,1.9610979506978765e-11,7.895130017179786e-05,7.895130017179786e-05
space,40,259200.0,0.4,1.944044925039634e-11,1.944044925039634e-11,7.96014411147683e-05,7.96014411147683e-05
space,40,259200.0,0.5,1.921307557495311e-11,1.921307557495311e-11,8.051794451918726e-05,8.051794451918726e-05
space,40,259200.0,0.6,1.887201506178826e-11,1.887201506178826e-11,8.173608592201842e-05,8.173608592201842e-05
space,40,259200.0,0.7,1.836042429204099e-11,1.836042429204099e-11,8.317189666107172e-05,8.317189666107172e-05
space,40,259200.0,0.8,1.801936377887614e-11,1.801936377887614e-11,8.467905797915343e-05,8.467905797915343e-05
space,40,259200.0,0.9,1.7280399333685637e-11,1.7280399333685637e-11,8.659700634097711e-05,8.659700634097711e-05
space,40,259200.0,1.0,1.6257217794191092e-11,1.6257217794191092e-11,8.919629683262764e-05,8.919629683262764e-05
space,40,259200.0,1.1,1.546140993013978e-11,1.546140993013978e-11,9.209147479005697e-05,9.209147479005697e-05
space,40,259200.0,1.2,1.4551915228366852e-11,1.4551915228366852e-11,9.5865951769733e-05,9.5865951769733e-05
space,40,259200.0,1.3,1.3812950783176348e-11,1.3812950783176348e-11,0.00010052199879331813,0.00010052199879331813
space,40,259200.0,1.4,1.2676082405960187e-11,1.2676082405960187e-11,0.00010635408235680488,0.00010635408235680488
space,40,259200.0,1.5,1.1425527191022411e-11,1.1425527191022411e-11,0.00011353755082642303,0.00011353755082642303
space,40,259200.0,1.6,1.1027623258996755e-11,1.1027623258996755e-11,0.0001233962728841298,0.0001233962728841298
space,40,259200.0,1.7,8.924416761146858e-12,8.924416761146858e-12,0.00013968900798236317,0.00013968900798236317
space,40,259200.0,1.8,8.355982572538778e-12,8.355982572538778e-12,0.0001679819271573485,0.0001679819271573485
space,40,259200.0,1.9,4.718003765447065e-12,4.718003765447065e-12,0.0002287501758370114,0.0002287501758370114
space,40,259200.0,2.0,1.2505552149377763e-12,1.2505552149377763e-12,3.2306906513346334e-06,3.2306906513346334e-06
