time_s,radius_cm,temperature_signed_error_C,temperature_absolute_error_C,moisture_signed_error,moisture_absolute_error
21600.0,0.0,2.0017409951833542e-09,2.0017409951833542e-09,-1.3613136906620582e-06,1.3613136906620582e-06
21600.0,0.1,1.9998651623609476e-09,1.9998651623609476e-09,-1.3648119963072247e-06,1.3648119963072247e-06
21600.0,0.2,1.9939534467994235e-09,1.9939534467994235e-09,-1.3750120921862674e-06,1.3750120921862674e-06
21600.0,0.3,1.9833805708913133e-09,1.9833805708913133e-09,-1.3912935028503881e-06,1.3912935028503881e-06
21600.0,0.4,1.9684307517309207e-09,1.9684307517309207e-09,-1.4130471041040593e-06,1.4130471041040593e-06
21600.0,0.5,1.948819772223942e-09,1.948819772223942e-09,-1.438710619638961e-06,1.438710619638961e-06
21600.0,0.6,1.9244339455326553e-09,1.9244339455326553e-09,-1.4628187904319745e-06,1.4628187904319745e-06
21600.0,0.7,1.8945343072118703e-09,1.8945343072118703e-09,-1.4881119305698576e-06,1.4881119305698576e-06
21600.0,0.8,1.8587229533295613e-09,1.8587229533295613e-09,-1.5057386203443102e-06,1.5057386203443102e-06
21600.0,0.9,1.8179093785875011e-09,1.8179093785875011e-09,-1.5168495967055051e-06,1.5168495967055051e-06
21600.0,1.0,1.7715819922159426e-09,1.7715819922159426e-09,-1.5211921977620335e-06,1.5211921977620335e-06
21600.0,1.1,1.7189449863508344e-09,1.7189449863508344e-09,-1.509110905129063e-06,1.509110905129063e-06
21600.0,1.2,1.660112047829898e-09,1.660112047829898e-09,-1.4741469049894818e-06,1.4741469049894818e-06
21600.0,1.3,1.5949126463965513e-09,1.5949126463965513e-09,-1.408441145378525e-06,1.408441145378525e-06
21600.0,1.4,1.5202203940134495e-09,1.5202203940134495e-09,-1.2715896573478602e-06,1.2715896573478602e-06
21600.0,1.5,1.4370016288012266e-09,1.4370016288012266e-09,-1.0476817050575349e-06,1.0476817050575349e-06
21600.0,1.6,1.345711098110769e-09,1.345711098110769e-09,-7.309030330970856e-07,7.309030330970856e-07
21600.0,1.7,1.2494183465605602e-09,1.2494183465605602e-09,-3.2038315544991036e-07,3.2038315544991036e-07
21600.0,1.8,1.1445422387623694e-09,1.1445422387623694e-09,1.965564718764412e-07,1.965564718764412e-07
21600.0,1.9,1.0414282769488636e-09,1.0414282769488636e-09,7.700267692367646e-07,7.700267692367646e-07
21600.0,2.0,9.53662038227776e-10,9.53662038227776e-10,1.1197704803400654e-06,1.1197704803400654e-06
86400.0,0.0,-1.1368683772161603e-13,1.1368683772161603e-13,-2.9590679655550067e-05,2.9590679655550067e-05
86400.0,0.1,-1.4210854715202004e-12,1.4210854715202004e-12,-2.9672622455761966e-05,2.9672622455761966e-05
86400.0,0.2,-4.547473508864641e-13,4.547473508864641e-13,-2.9919704950143178e-05,2.9919704950143178e-05
86400.0,0.3,-4.547473508864641e-13,4.547473508864641e-13,-3.0336249652762604e-05,3.0336249652762604e-05
86400.0,0.4,-8.526512829121202e-13,8.526512829121202e-13,-3.0930583420407665e-05,3.0930583420407665e-05
86400.0,0.5,-6.821210263296962e-13,6.821210263296962e-13,-3.1713918500014815e-05,3.1713918500014815e-05
86400.0,0.6,-3.979039320256561e-13,3.979039320256561e-13,-3.269575050060536e-05,3.269575050060536e-05
86400.0,0.7,-3.979039320256561e-13,3.979039320256561e-13,-3.390758663238125e-05,3.390758663238125e-05
86400.0,0.8,1.1368683772161603e-13,1.1368683772161603e-13,-3.536800572287446e-05,3.536800572287446e-05
86400.0,0.9,-2.8421709430404007e-13,2.8421709430404007e-13,-3.712720315124374e-05,3.712720315124374e-05
86400.0,1.0,-1.7053025658242404e-13,1.7053025658242404e-13,-3.9250371714649734e-05,3.9250371714649734e-05
86400.0,1.1,-5.684341886080801e-13,5.684341886080801e-13,-4.1808548567723314e-05,4.1808548567723314e-05
86400.0,1.2,-5.684341886080801e-13,5.684341886080801e-13,-4.491714430363003e-05,4.491714430363003e-05
86400.0,1.3,-2.8421709430404007e-13,2.8421709430404007e-13,-4.874860820103244e-05,4.874860820103244e-05
86400.0,1.4,-6.252776074688882e-13,6.252776074688882e-13,-5.348016904957453e-05,5.348016904957453e-05
86400.0,1.5,0.0,0.0,-5.950834122153692e-05,5.950834122153692e-05
86400.0,1.6,2.8421709430404007e-13,2.8421709430404007e-13,-6.762178298919119e-05,6.762178298919119e-05
86400.0,1.7,1.3073986337985843e-12,1.3073986337985843e-12,-7.938557895340037e-05,7.938557895340037e-05
86400.0,1.8,9.094947017729282e-13,9.094947017729282e-13,-9.875987011512266e-05,9.875987011512266e-05
86400.0,1.9,5.684341886080801e-13,5.684341886080801e-13,-0.0001395708929580186,0.0001395708929580186
86400.0,2.0,-3.808509063674137e-12,3.808509063674137e-12,7.006698900829944e-06,7.006698900829944e-06
172800.0,0.0,2.5579538487363607e-12,2.5579538487363607e-12,-3.6668303308340366e-05,3.6668303308340366e-05
172800.0,0.1,2.9558577807620168e-12,2.9558577807620168e-12,-3.6727423185528574e-05,3.6727423185528574e-05
172800.0,0.2,2.6716406864579767e-12,2.6716406864579767e-12,-3.690576544029822e-05,3.690576544029822e-05
172800.0,0.3,3.0127011996228248e-12,3.0127011996228248e-12,-3.720665109421817e-05,3.720665109421817e-05
172800.0,0.4,2.9558577807620168e-12,2.9558577807620168e-12,-3.763640155168835e-05,3.763640155168835e-05
172800.0,0.5,2.7853275241795927e-12,2.7853275241795927e-12,-3.820368959051024e-05,3.820368959051024e-05
172800.0,0.6,2.6147972675971687e-12,2.6147972675971687e-12,-3.891662668653595e-05,3.891662668653595e-05
172800.0,0.7,3.126388037344441e-12,3.126388037344441e-12,-3.9798462998841266e-05,3.9798462998841266e-05
172800.0,0.8,3.240074875066057e-12,3.240074875066057e-12,-4.086499847399949e-05,4.086499847399949e-05
172800.0,0.9,3.865352482534945e-12,3.865352482534945e-12,-4.215427302964314e-05,4.215427302964314e-05
172800.0,1.0,3.922195901395753e-12,3.922195901395753e-12,-4.371644295322885e-05,4.371644295322885e-05
172800.0,1.1,3.353761712787673e-12,3.353761712787673e-12,-4.5608778159095253e-05,4.5608778159095253e-05
172800.0,1.2,3.0127011996228248e-12,3.0127011996228248e-12,-4.792318913623972e-05,4.792318913623972e-05
172800.0,1.3,2.7284841053187847e-12,2.7284841053187847e-12,-5.0798356792142174e-05,5.0798356792142174e-05
172800.0,1.4,3.0127011996228248e-12,3.0127011996228248e-12,-5.439048969857474e-05,5.439048969857474e-05
172800.0,1.5,3.126388037344441e-12,3.126388037344441e-12,-5.903201800841473e-05,5.903201800841473e-05
172800.0,1.6,3.0127011996228248e-12,3.0127011996228248e-12,-6.538437251912832e-05,6.538437251912832e-05
172800.0,1.7,4.831690603168681e-12,4.831690603168681e-12,-7.47996305191373e-05,7.47996305191373e-05
172800.0,1.8,1.0800249583553523e-12,1.0800249583553523e-12,-9.079936288489132e-05,9.079936288489132e-05
172800.0,1.9,9.094947017729282e-13,9.094947017729282e-13,-0.00012652592982671795,0.00012652592982671795
172800.0,2.0,4.547473508864641e-12,4.547473508864641e-12,-2.0035862035652774e-06,2.0035862035652774e-06
259200.0,0.0,-3.183231456205249e-12,3.183231456205249e-12,-3.323748603081822e-05,3.323748603081822e-05
259200.0,0.1,-3.808509063674137e-12,3.808509063674137e-12,-3.328164802995914e-05,3.328164802995914e-05
259200.0,0.2,-3.183231456205249e-12,3.183231456205249e-12,-3.341488411706672e-05,3.341488411706672e-05
259200.0,0.3,-3.353761712787673e-12,3.353761712787673e-12,-3.363974544287607e-05,3.363974544287607e-05
259200.0,0.4,-3.069544618483633e-12,3.069544618483633e-12,-3.396111492531828e-05,3.396111492531828e-05
259200.0,0.5,-3.183231456205249e-12,3.183231456205249e-12,-3.4385659007568625e-05,3.4385659007568625e-05
259200.0,0.6,-3.467448550509289e-12,3.467448550509289e-12,-3.491941044583835e-05,3.491941044583835e-05
259200.0,0.7,-3.296918293926865e-12,3.296918293926865e-12,-3.5580564410775395e-05,3.5580564410775395e-05
259200.0,0.8,-3.296918293926865e-12,3.296918293926865e-12,-3.6380919091999475e-05,3.6380919091999475e-05
259200.0,0.9,-3.069544618483633e-12,3.069544618483633e-12,-3.735009139213541e-05,3.735009139213541e-05
259200.0,1.0,-3.126388037344441e-12,3.126388037344441e-12,-3.8527076803490656e-05,3.8527076803490656e-05
259200.0,1.1,-3.296918293926865e-12,3.296918293926865e-12,-3.995582565163858e-05,3.995582565163858e-05
259200.0,1.2,-3.410605131648481e-12,3.410605131648481e-12,-4.170738589388823e-05,4.170738589388823e-05
259200.0,1.3,-3.581135388230905e-12,3.581135388230905e-12,-4.388902466076483e-05,4.388902466076483e-05
259200.0,1.4,-3.808509063674137e-12,3.808509063674137e-12,-4.661785253072537e-05,4.661785253072537e-05
259200.0,1.5,-4.206412995699793e-12,4.206412995699793e-12,-5.014810717032803e-05,5.014810717032803e-05
259200.0,1.6,-4.490630090003833e-12,4.490630090003833e-12,-5.498852303208179e-05,5.498852303208179e-05
259200.0,1.7,-5.286437954055145e-12,5.286437954055145e-12,-6.217466953549466e-05,6.217466953549466e-05
259200.0,1.8,-5.286437954055145e-12,5.286437954055145e-12,-7.439204243359088e-05,7.439204243359088e-05
259200.0,1.9,-5.4569682106375694e-12,5.4569682106375694e-12,-0.00010147461116170875,0.00010147461116170875
259200.0,2.0,4.149569576838985e-12,4.149569576838985e-12,-1.5708367903446985e-06,1.5708367903446985e-06
