time_s,distance_cm,moisture_kg_kg
100,0,2.549999999999998
100,0.01248046875,2.549999999999998
100,0.024921875,2.5499999999999998
100,0.03732421875,2.5499999999999998
100,0.0496875,2.5499999999999998
100,0.06201171875,2.5499999999999994
100,0.074296875,2.5500000000000007
100,0.08654296875,2.5500000000000003
100,0.09875,2.5500000000000012
100,0.1,2.550000000000002
100,0.11091796875,2.5499999999999998
100,0.123046875,2.5499999999999989
100,0.13513671875,2.5499999999999998
100,0.1471875,2.5499999999999998
100,0.15919921875,2.5500000000000007
100,0.171171875,2.5499999999999998
100,0.18310546875,2.549999999999998
100,0.195,2.5499999999999994
100,0.2,2.5499999999999998
100,0.20685546875,2.5499999999999998
100,0.218671875,2.5499999999999963
100,0.23044921875,2.5499999999999936
100,0.2421875,2.5499999999999927
100,0.25388671875,2.5499999999999909
100,0.265546875,2.5499999999999963
100,0.27716796875,2.549999999999998
100,0.28875,2.5500000000000003
100,0.3,2.550000000000002
100,0.30029296875,2.5500000000000016
100,0.311796875,2.5500000000000007
100,0.32326171875,2.5499999999999998
100,0.3346875,2.5500000000000007
100,0.34607421875,2.549999999999998
100,0.357421875,2.5500000000000007
100,0.36873046875,2.549999999999998
100,0.38,2.5499999999999963
100,0.39123046875,2.5499999999999989
100,0.4,2.5499999999999994
100,0.402421875,2.5499999999999994
100,0.41357421875,2.5499999999999989
100,0.4246875,2.5500000000000007
100,0.43576171875,2.5499999999999989
100,0.446796875,2.5499999999999954
100,0.45779296875,2.5499999999999936
100,0.46875,2.549999999999998
100,0.47966796875,2.5500000000000007
100,0.490546875,2.5499999999999989
100,0.5,2.5500000000000003
100,0.50138671875,2.5500000000000003
100,0.5121875,2.5500000000000007
100,0.52294921875,2.5499999999999998
100,0.533671875,2.5499999999999998
100,0.54435546875,2.5499999999999963
100,0.555,2.5499999999999998
100,0.56560546875,2.5500000000000007
100,0.576171875,2.5499999999999963
100,0.58669921875,2.549999999999994
100,0.5971875,2.549999999999998
100,0.6,2.5499999999999994
100,0.60763671875,2.5499999999999998
100,0.618046875,2.549999999999998
100,0.62841796875,2.5499999999999967
100,0.63875,2.5499999999999954
100,0.64904296875,2.5499999999999958
100,0.659296875,2.5499999999999998
100,0.66951171875,2.5500000000000065
100,0.6796875,2.5500000000000234
100,0.68982421875,2.5500000000000438
100,0.699921875,2.5500000000000673
100,0.7,2.5500000000000673
100,0.70998046875,2.5500000000000487
100,0.72,2.5500000000000282
100,0.72998046875,2.5500000000000091
100,0.739921875,2.5500000000000012
100,0.74982421875,2.5499999999999989
100,0.7596875,2.5499999999999963
100,0.76951171875,2.5499999999999963
100,0.779296875,2.549999999999998
100,0.78904296875,2.5500000000000007
100,0.79875,2.5500000000000016
100,0.8,2.5500000000000012
100,0.80841796875,2.5499999999999998
100,0.818046875,2.5500000000000003
100,0.82763671875,2.5499999999999989
100,0.8371875,2.5499999999999998
100,0.84669921875,2.549999999999998
100,0.856171875,2.5499999999999998
100,0.86560546875,2.5499999999999989
100,0.875,2.5499999999999998
100,0.88435546875,2.5500000000000012
100,0.893671875,2.5500000000000007
100,0.9,2.5500000000000003
100,0.90294921875,2.5500000000000003
100,0.9121875,2.5499999999999998
100,0.92138671875,2.5499999999999998
100,0.930546875,2.550000000000002
100,0.93966796875,2.5500000000000016
100,0.94875,2.5499999999999989
100,0.95779296875,2.5499999999999989
100,0.966796875,2.5499999999999989
100,0.97576171875,2.5499999999999994
100,0.9846875,2.5500000000000007
100,0.99357421875,2.5499999999999998
100,1,2.5499999999999998
100,1.002421875,2.5499999999999998
100,1.01123046875,2.5499999999999998
100,1.02,2.5500000000000003
100,1.02873046875,2.5499999999999998
100,1.037421875,2.5500000000000007
100,1.04607421875,2.5499999999999989
100,1.0546875,2.5499999999999994
100,1.06326171875,2.5500000000000007
100,1.071796875,2.5499999999999998
100,1.08029296875,2.5500000000000012
100,1.08875,2.5499999999999989
100,1.09716796875,2.5499999999999989
100,1.1,2.5499999999999989
100,1.105546875,2.549999999999998
100,1.11388671875,2.5499999999999967
100,1.1221875,2.5499999999999994
100,1.13044921875,2.5499999999999989
100,1.138671875,2.5499999999999989
100,1.14685546875,2.5499999999999989
100,1.155,2.5499999999999989
100,1.16310546875,2.5499999999999989
100,1.171171875,2.5499999999999998
100,1.17919921875,2.5499999999999989
100,1.1871875,2.549999999999998
100,1.19513671875,2.5499999999999994
100,1.2,2.5500000000000007
100,1.203046875,2.5500000000000007
100,1.21091796875,2.5499999999999998
100,1.21875,2.5499999999999989
100,1.22654296875,2.5499999999999989
100,1.234296875,2.549999999999998
100,1.24201171875,2.5499999999999989
100,1.2496875,2.5500000000000003
100,1.25732421875,2.5499999999999972
100,1.264921875,2.5499999999999945
100,1.27248046875,2.5499999999999834
100,1.28,2.5499999999999674
100,1.28748046875,2.5499999999999403
100,1.294921875,2.5499999999998924
100,1.3,2.54999999999984
100,1.30232421875,2.5499999999998089
100,1.3096875,2.5499999999996734
100,1.31701171875,2.5499999999994496
100,1.324296875,2.5499999999990837
100,1.33154296875,2.5499999999984859
100,1.33875,2.5499999999975209
100,1.34591796875,2.5499999999959755
100,1.353046875,2.5499999999935148
100,1.36013671875,2.549999999989625
100,1.3671875,2.5499999999835237
100,1.37419921875,2.5499999999740202
100,1.381171875,2.5499999999593177
100,1.38810546875,2.5499999999367282
100,1.395,2.5499999999022562
100,1.4,2.5499999998659169
100,1.40185546875,2.5499999998491538
100,1.408671875,2.5499999997705616
100,1.41544921875,2.5499999996528713
100,1.4221875,2.5499999994779197
100,1.42888671875,2.5499999992196192
100,1.435546875,2.5499999988407764
100,1.44216796875,2.5499999982887065
100,1.44875,2.5499999974892948
100,1.45529296875,2.5499999963389648
100,1.461796875,2.5499999946939051
100,1.46826171875,2.5499999923557306
100,1.4746875,2.5499999890525102
100,1.48107421875,2.5499999844138594
100,1.487421875,2.5499999779384535
100,1.49373046875,2.5499999689519304
100,1.5,2.5499999565527367
100,1.50623046875,2.5499999395428956
100,1.512421875,2.5499999163401221
100,1.51857421875,2.5499998848669754
100,1.5246875,2.5499998424119794
100,1.53076171875,2.549999785456762
100,1.536796875,2.5499997094623006
100,1.54279296875,2.5499996086063117
100,1.54875,2.5499994754627124
100,1.55466796875,2.5499993006128863
100,1.560546875,2.5499990721772705
100,1.56638671875,2.5499987752545397
100,1.5721875,2.5499983912544564
100,1.57794921875,2.5499978971092587
100,1.583671875,2.5499972643474282
100,1.58935546875,2.5499964580127203
100,1.595,2.5499954354106502
100,1.6,2.5499942972734106
100,1.60060546875,2.5499941413299219
100,1.606171875,2.5499925199724909
100,1.61169921875,2.549990492197109
100,1.6171875,2.5499879677391579
100,1.62263671875,2.5499848391005511
100,1.628046875,2.5499809788874903
100,1.63341796875,2.5499762368603673
100,1.63875,2.549970436686654
100,1.64404296875,2.5499633723912742
100,1.649296875,2.5499548045032423
100,1.65451171875,2.5499444559023137
100,1.6596875,2.5499320073749403
100,1.66482421875,2.5499170928949506
100,1.669921875,2.549899294650964
100,1.67498046875,2.549878137849543
100,1.68,2.5498530853303287
100,1.68498046875,2.5498235320368168
100,1.689921875,2.5497887993937711
100,1.69482421875,2.549748129649489
100,1.6996875,2.5497006802479465
100,1.7,2.5496973509973024
100,1.70451171875,2.5496454823784127
100,1.709296875,2.5495815811377067
100,1.71404296875,2.5495078089604655
100,1.71875,2.5494229310301835
100,1.72341796875,2.5493256027052182
100,1.728046875,2.5492143657293727
100,1.73263671875,2.5490876450524604
100,1.7371875,2.54894374634749
100,1.74169921875,2.5487808543076533
100,1.746171875,2.5485970318014095
100,1.75060546875,2.5483902199573802
100,1.755,2.5481582392428561
100,1.75935546875,2.5478987915903066
100,1.763671875,2.5476094636156965
100,1.76794921875,2.5472877309606945
100,1.7721875,2.5469309637782449
100,1.77638671875,2.5465364333676872
100,1.780546875,2.5461013199517852
100,1.78466796875,2.5456227215740959
100,1.78875,2.5450976640810281
100,1.79279296875,2.5445231121392848
100,1.796796875,2.5438959812261044
100,1.8,2.5433491047143097
100,1.80076171875,2.5432127554192547
100,1.8046875,2.5424710927296239
100,1.80857421875,2.5416674344714565
100,1.812421875,2.5407986358633976
100,1.81623046875,2.5398615744785826
100,1.82,2.5388531661316414
100,1.82373046875,2.5377703810146217
100,1.827421875,2.5366102599542262
100,1.83107421875,2.5353699306614721
100,1.8346875,2.5340466238453212
100,1.83826171875,2.5326376890638045
100,1.841796875,2.5311406101897083
100,1.84529296875,2.5295530203728411
100,1.84875,2.5278727163871584
100,1.85216796875,2.5260976722584645
100,1.855546875,2.5242260520768594
100,1.85888671875,2.5222562219073925
100,1.8621875,2.5201867607224337
100,1.86544921875,2.5180164702897612
100,1.868671875,2.5157443839612643
100,1.87185546875,2.5133697743182788
100,1.875,2.5108921596406342
100,1.87810546875,2.5083113091775622
100,1.881171875,2.5056272472093446
100,1.88419921875,2.5028402558989917
100,1.8871875,2.4999508769431507
100,1.89013671875,2.4969599120407922
100,1.893046875,2.4938684222068987
100,1.89591796875,2.4906777259663517
100,1.89875,2.4873893964703977
100,1.9,2.48589215075953
100,1.90154296875,2.4840047838383255
100,1.904296875,2.4805269052950658
100,1.90701171875,2.4769575975525893
100,1.9096875,2.4732994036554494
100,1.91232421875,2.4695550925801624
100,1.914921875,2.465727651077311
100,1.91748046875,2.4618202748655325
100,1.92,2.4578363592480548
100,1.92248046875,2.4537794892225442
100,1.924921875,2.4496534291545426
100,1.92732421875,2.4454621120836775
100,1.9296875,2.4412096287302614
100,1.93201171875,2.4369002162678299
100,1.934296875,2.4325382469247159
100,1.93654296875,2.4281282164749634
100,1.93875,2.4236747326757802
100,1.94091796875,2.4191825037054238
100,1.943046875,2.4146563266518872
100,1.94513671875,2.4101010760991048
100,1.9471875,2.405521692853668
100,1.94919921875,2.4009231728512743
100,1.951171875,2.3963105562782978
100,1.95310546875,2.3916889169401516
100,1.955,2.3870633519043798
100,1.95685546875,2.3824389714428125
100,1.958671875,2.3778208892935861
100,1.96044921875,2.3732142132604945
100,1.9621875,2.3686240361638555
100,1.96388671875,2.3640554271540686
100,1.965546875,2.3595134233960953
100,1.96716796875,2.3550030221304379
100,1.96875,2.3505291731136104
100,1.97029296875,2.3460967714388401
100,1.971796875,2.3417106507355232
100,1.97326171875,2.3373755767440803
100,1.9746875,2.3330962412610652
100,1.97607421875,2.3288772564478033
100,1.977421875,2.3247231494944893
100,1.97873046875,2.3206383576304179
100,1.98,2.3166272234699674
100,1.98123046875,2.3126939906831216
100,1.982421875,2.3088427999785037
100,1.98357421875,2.3050776853863582
100,1.9846875,2.3014025708284165
100,1.98576171875,2.2978212669612521
100,1.986796875,2.2943374682795201
100,1.98779296875,2.2909547504653105
100,1.98875,2.2876765679698963
100,1.98966796875,2.2845062518141264
100,1.990546875,2.2814470075939468
100,1.99138671875,2.2785019136776672
100,1.9921875,2.2756739195819415
100,1.99294921875,2.2729658445137013
100,1.993671875,2.2703803760656953
100,1.99435546875,2.2679200690537096
100,1.995,2.2655873444840191
100,1.99560546875,2.2633844886400611
100,1.996171875,2.2613136522779183
100,1.99669921875,2.2593768499206814
100,1.9971875,2.2575759592423461
100,1.99763671875,2.2559127205324727
100,1.998046875,2.2543887362334223
100,1.99841796875,2.2530054705425719
100,1.99875,2.2517642490725227
100,1.99904296875,2.250666258562902
100,1.999296875,2.2497125466380039
100,1.99951171875,2.2489040216050733
100,1.9996875,2.2482414522887004
100,1.99982421875,2.2477254678973555
100,1.999921875,2.2473565579187431
100,1.99998046875,2.2471350720412406
100,2,2.2470612200992885
300,0,2.549999999999998
300,0.01248046875,2.549999999999998
300,0.024921875,2.5499999999999998
300,0.03732421875,2.5499999999999998
300,0.0496875,2.5499999999999998
300,0.06201171875,2.5499999999999994
300,0.074296875,2.5500000000000007
300,0.08654296875,2.5500000000000003
300,0.09875,2.5500000000000012
300,0.1,2.550000000000002
300,0.11091796875,2.5499999999999998
300,0.123046875,2.5499999999999989
300,0.13513671875,2.5499999999999998
300,0.1471875,2.5499999999999998
300,0.15919921875,2.5500000000000007
300,0.171171875,2.5499999999999998
300,0.18310546875,2.549999999999998
300,0.195,2.5499999999999994
300,0.2,2.5499999999999998
300,0.20685546875,2.5499999999999998
300,0.218671875,2.5499999999999963
300,0.23044921875,2.5499999999999936
300,0.2421875,2.5499999999999927
300,0.25388671875,2.5499999999999909
300,0.265546875,2.5499999999999963
300,0.27716796875,2.549999999999998
300,0.28875,2.5500000000000003
300,0.3,2.550000000000002
300,0.30029296875,2.5500000000000016
300,0.311796875,2.5500000000000007
300,0.32326171875,2.5499999999999998
300,0.3346875,2.5500000000000007
300,0.34607421875,2.549999999999998
300,0.357421875,2.5500000000000007
300,0.36873046875,2.549999999999998
300,0.38,2.5499999999999963
300,0.39123046875,2.5499999999999989
300,0.4,2.5499999999999994
300,0.402421875,2.5499999999999994
300,0.41357421875,2.5499999999999989
300,0.4246875,2.5500000000000007
300,0.43576171875,2.5499999999999989
300,0.446796875,2.5499999999999954
300,0.45779296875,2.5499999999999936
300,0.46875,2.549999999999998
300,0.47966796875,2.5500000000000007
300,0.490546875,2.5499999999999989
300,0.5,2.5500000000000003
300,0.50138671875,2.5500000000000003
300,0.5121875,2.5500000000000007
300,0.52294921875,2.5499999999999998
300,0.533671875,2.5499999999999998
300,0.54435546875,2.5499999999999963
300,0.555,2.5499999999999998
300,0.56560546875,2.5500000000000007
300,0.576171875,2.5499999999999963
300,0.58669921875,2.549999999999994
300,0.5971875,2.549999999999998
300,0.6,2.5499999999999994
300,0.60763671875,2.5499999999999998
300,0.618046875,2.549999999999998
300,0.62841796875,2.5499999999999967
300,0.63875,2.5499999999999954
300,0.64904296875,2.5499999999999958
300,0.659296875,2.5499999999999998
300,0.66951171875,2.5500000000000065
300,0.6796875,2.5500000000000234
300,0.68982421875,2.5500000000000438
300,0.699921875,2.5500000000000673
300,0.7,2.5500000000000673
300,0.70998046875,2.5500000000000487
300,0.72,2.5500000000000274
300,0.72998046875,2.5500000000000056
300,0.739921875,2.5499999999999776
300,0.74982421875,2.5499999999999448
300,0.7596875,2.5499999999999035
300,0.76951171875,2.5499999999998453
300,0.779296875,2.5499999999997662
300,0.78904296875,2.5499999999996512
300,0.79875,2.5499999999994825
300,0.8,2.5499999999994545
300,0.80841796875,2.5499999999992311
300,0.818046875,2.5499999999988678
300,0.82763671875,2.5499999999983425
300,0.8371875,2.5499999999975822
300,0.84669921875,2.5499999999964857
300,0.856171875,2.5499999999949088
300,0.86560546875,2.549999999992655
300,0.875,2.5499999999894456
300,0.88435546875,2.549999999984891
300,0.893671875,2.5499999999784553
300,0.9,2.5499999999725631
300,0.90294921875,2.5499999999692879
300,0.9121875,2.5499999999566065
300,0.92138671875,2.5499999999388931
300,0.930546875,2.5499999999142684
300,0.93966796875,2.5499999998801779
300,0.94875,2.549999999833175
300,0.95779296875,2.549999999768628
300,0.966796875,2.5499999996803364
300,0.97576171875,2.5499999995600442
300,0.9846875,2.549999999396785
300,0.99357421875,2.5499999991760705
300,1,2.5499999989678397
300,1.002421875,2.5499999988762396
300,1.01123046875,2.5499999984776136
300,1.02,2.54999999794454
300,1.02873046875,2.5499999972344849
300,1.037421875,2.549999996292303
300,1.04607421875,2.5499999950467811
300,1.0546875,2.549999993406312
300,1.06326171875,2.5499999912535007
300,1.071796875,2.5499999884384845
300,1.08029296875,2.5499999847706603
300,1.08875,2.5499999800085065
300,1.09716796875,2.5499999738471124
300,1.1,2.5499999713636989
300,1.105546875,2.5499999658488508
300,1.11388671875,2.5499999556449588
300,1.1221875,2.5499999425744475
300,1.13044921875,2.549999925890468
300,1.138671875,2.5499999046667949
300,1.14685546875,2.5499998777588448
300,1.155,2.5499998437571798
300,1.16310546875,2.5499998009322518
300,1.171171875,2.5499997471689997
300,1.17919921875,2.5499996798897482
300,1.1871875,2.5499995959636115
300,1.19513671875,2.5499994916005146
300,1.2,2.5499994150669867
300,1.203046875,2.5499993615362389
300,1.21091796875,2.5499992017018318
300,1.21875,2.5499990047419265
300,1.22654296875,2.5499987627829777
300,1.234296875,2.5499984664472937
300,1.24201171875,2.5499981046016633
300,1.2496875,2.5499976640708146
300,1.25732421875,2.5499971293119934
300,1.264921875,2.5499964820467853
300,1.27248046875,2.5499957008460847
300,1.28,2.5499947606640059
300,1.28748046875,2.549993632316411
300,1.294921875,2.5499922818996112
300,1.3,2.5499912049762021
300,1.30232421875,2.5499906647650108
300,1.3096875,2.5499887466544648
300,1.31701171875,2.5499864695161873
300,1.324296875,2.5499837734123534
300,1.33154296875,2.549980589726375
300,1.33875,2.5499768401325582
300,1.34591796875,2.5499724354775517
300,1.353046875,2.5499672745707174
300,1.36013671875,2.5499612428811544
300,1.3671875,2.5499542111397053
300,1.37419921875,2.5499460338450413
300,1.381171875,2.5499365476737363
300,1.38810546875,2.5499255697951742
300,1.395,2.5499128960931166
300,1.4,2.5499024459318722
300,1.40185546875,2.5498982705259303
300,1.408671875,2.5498814997445987
300,1.41544921875,2.549862273561907
300,1.4221875,2.5498402832182649
300,1.42888671875,2.5498151885174969
300,1.435546875,2.5497866155928186
300,1.44216796875,2.5497541546262044
300,1.44875,2.5497173575331402
300,1.45529296875,2.5496757356260811
300,1.461796875,2.5496287572712153
300,1.46826171875,2.5495758455544255
300,1.4746875,2.5495163759734183
300,1.48107421875,2.5494496741741228
300,1.487421875,2.5493750137503737
300,1.49373046875,2.5492916141266835
300,1.5,2.5491986385445906
300,1.50623046875,2.5490951921735445
300,1.512421875,2.5489803203675909
300,1.51857421875,2.5488530070892175
300,1.5246875,2.5487121735216358
300,1.53076171875,2.5485566768904429
300,1.536796875,2.5483853095150981
300,1.54279296875,2.5481967981098714
300,1.54875,2.5479898033529524
300,1.55466796875,2.5477629197412517
300,1.560546875,2.5475146757469593
300,1.56638671875,2.5472435342904092
300,1.5721875,2.5469478935419243
300,1.57794921875,2.5466260880634337
300,1.583671875,2.5462763902984831
300,1.58935546875,2.5458970124170266
300,1.595,2.5454861085190421
300,1.6,2.5450915098279712
300,1.60060546875,2.5450416415503914
300,1.606171875,2.5445619326744966
300,1.61169921875,2.5440448387503665
300,1.6171875,2.5434883108211341
300,1.62263671875,2.542890258227561
300,1.628046875,2.5422485529083079
300,1.63341796875,2.5415610340166488
300,1.63875,2.54082551283765
300,1.64404296875,2.5400397779875776
300,1.649296875,2.5392016008752187
300,1.65451171875,2.5383087414028105
300,1.6596875,2.5373589538825136
300,1.66482421875,2.5363499931427786
300,1.669921875,2.5352796207975494
300,1.67498046875,2.5341456116501129
300,1.68,2.532945760202439
300,1.68498046875,2.5316778872401469
300,1.689921875,2.5303398464627511
300,1.69482421875,2.5289295311286115
300,1.6996875,2.5274448806839653
300,1.7,2.5273464253004003
300,1.70451171875,2.5258837602245947
300,1.709296875,2.524244477438363
300,1.71404296875,2.5225250204264169
300,1.71875,2.5207235783007125
300,1.72341796875,2.5188384182240631
300,1.728046875,2.5168678913276969
300,1.73263671875,2.5148104384162053
300,1.7371875,2.5126645954364868
300,1.74169921875,2.5104289986889552
300,1.746171875,2.5081023897609951
300,1.75060546875,2.5056836201644725
300,1.755,2.5031716556610211
300,1.75935546875,2.5005655802607638
300,1.763671875,2.4978645998821056
300,1.76794921875,2.4950680456622534
300,1.7721875,2.4921753769101294
300,1.77638671875,2.4891861836953089
300,1.780546875,2.4861001890686181
300,1.78466796875,2.4829172509119188
300,1.78875,2.479637363416491
300,1.79279296875,2.4762606581912339
300,1.796796875,2.4727874050036251
300,1.8,2.4699137990020894
300,1.80076171875,2.4692177549331142
300,1.8046875,2.4655527699282738
300,1.80857421875,2.4617928774778912
300,1.812421875,2.4579389002275929
300,1.81623046875,2.4539917973903429
300,1.82,2.4499526634308473
300,1.82373046875,2.4458227264436858
300,1.827421875,2.4416033462383644
300,1.83107421875,2.4372960121452536
300,1.8346875,2.4329023405570656
300,1.83826171875,2.4284240722210599
300,1.841796875,2.4238630692976018
300,1.84529296875,2.4192213122010773
300,1.84875,2.4145008962393528
300,1.85216796875,2.4097040280681421
300,1.855546875,2.404833021976684
300,1.85888671875,2.3998902960210695
300,1.8621875,2.3948783680214567
300,1.86544921875,2.3897998514392
300,1.868671875,2.3846574511496348
300,1.87185546875,2.3794539591259425
300,1.875,2.3741922500491128
300,1.87810546875,2.3688752768585557
300,1.881171875,2.3635060662574481
300,1.88419921875,2.358087714186341
300,1.8871875,2.3526233812779691
300,1.89013671875,2.3471162883056413
300,1.893046875,2.3415697116369163
300,1.89591796875,2.3359869787036494
300,1.89875,2.3303714634988282
300,1.9,2.3278582103554775
300,1.90154296875,2.3247264831661014
300,1.904296875,2.3190556879461588
300,1.90701171875,2.3133624674781457
300,1.9096875,2.3076503378272264
300,1.91232421875,2.301922839822983
300,1.914921875,2.2961835348979909
300,1.91748046875,2.2904360010072686
300,1.92,2.2846838286337294
300,1.92248046875,2.2789306168841037
300,1.924921875,2.2731799696792607
300,1.92732421875,2.2674354920422375
300,1.9296875,2.2617007864867471
300,1.93201171875,2.2559794495084335
300,1.934296875,2.2502750681806121
300,1.93654296875,2.2445912168557576
300,1.93875,2.2389314539735925
300,1.94091796875,2.2332993189761496
300,1.943046875,2.2276983293298525
300,1.94513671875,2.2221319776542403
300,1.9471875,2.2166037289566476
300,1.94919921875,2.2111170179718642
300,1.951171875,2.2056752466054603
300,1.95310546875,2.200281781479263
300,1.955,2.1949399515772066
300,1.95685546875,2.1896530459895907
300,1.958671875,2.1844243117535878
300,1.96044921875,2.1792569517877056
300,1.9621875,2.1741541229177468
300,1.96388671875,2.1691189339917458
300,1.965546875,2.1641544440812051
300,1.96716796875,2.1592636607659639
300,1.96875,2.1544495384998972
300,1.97029296875,2.1497149770546988
300,1.971796875,2.145062820038893
300,1.97326171875,2.140495853489309
300,1.9746875,2.1360168045321966
300,1.97607421875,2.1316283401112117
300,1.977421875,2.1273330657795704
300,1.97873046875,2.1231335245536642
300,1.98,2.1190321958255227
300,1.98123046875,2.1150314943315918
300,1.982421875,2.1111337691753223
300,1.98357421875,2.107341302901204
300,1.9846875,2.10365631061793
300,1.98576171875,2.1000809391684734
300,1.986796875,2.0966172663449889
300,1.98779296875,2.0932673001464868
300,1.98875,2.0900329780774149
300,1.98966796875,2.0869161664852918
300,1.990546875,2.0839186599357316
300,1.99138671875,2.0810421806232022
300,1.9921875,2.0782883778160901
300,1.99294921875,2.0756588273345975
300,1.993671875,2.07315503106022
300,1.99435546875,2.0707784164755778
300,1.995,2.0685303362335068
300,1.99560546875,2.06641206775436
300,1.996171875,2.0644248128506129
300,1.99669921875,2.0625696973779011
300,1.9971875,2.0608477709117277
300,1.99763671875,2.059260006449128
300,1.998046875,2.0578073001346842
300,1.99841796875,2.0564904710103042
300,1.99875,2.0553102607882843
300,1.99904296875,2.054267333647195
300,1.999296875,2.0533622760502315
300,1.99951171875,2.0525955965856557
300,1.9996875,2.051967725829086
300,1.99982421875,2.0514790162273489
300,1.999921875,2.0511297420037224
300,1.99998046875,2.0509200990844039
300,2,2.0508502050460597
600,0,2.549999999999998
600,0.01248046875,2.549999999999998
600,0.024921875,2.5499999999999998
600,0.03732421875,2.5499999999999998
600,0.0496875,2.5499999999999998
600,0.06201171875,2.5499999999999994
600,0.074296875,2.5500000000000007
600,0.08654296875,2.5500000000000003
600,0.09875,2.5500000000000012
600,0.1,2.550000000000002
600,0.11091796875,2.5499999999999998
600,0.123046875,2.5499999999999989
600,0.13513671875,2.5499999999999998
600,0.1471875,2.5499999999999998
600,0.15919921875,2.549999999999998
600,0.171171875,2.5499999999999932
600,0.18310546875,2.5499999999999874
600,0.195,2.5499999999999718
600,0.2,2.5499999999999616
600,0.20685546875,2.5499999999999439
600,0.218671875,2.5499999999999083
600,0.23044921875,2.5499999999998604
600,0.2421875,2.5499999999997947
600,0.25388671875,2.5499999999997045
600,0.265546875,2.5499999999995873
600,0.27716796875,2.5499999999994234
600,0.28875,2.5499999999992013
600,0.3,2.5499999999989083
600,0.30029296875,2.5499999999988994
600,0.311796875,2.5499999999984846
600,0.32326171875,2.5499999999979215
600,0.3346875,2.5499999999971594
600,0.34607421875,2.5499999999961283
600,0.357421875,2.5499999999947347
600,0.36873046875,2.549999999992858
600,0.38,2.5499999999903342
600,0.39123046875,2.5499999999869494
600,0.4,2.5499999999834997
600,0.402421875,2.549999999982389
600,0.41357421875,2.5499999999763516
600,0.4246875,2.5499999999683185
600,0.43576171875,2.549999999957655
600,0.446796875,2.5499999999435441
600,0.45779296875,2.5499999999249199
600,0.46875,2.5499999999004022
600,0.47966796875,2.5499999998682163
600,0.490546875,2.5499999998260723
600,0.5,2.5499999997788012
600,0.50138671875,2.5499999997708147
600,0.5121875,2.5499999996991525
600,0.52294921875,2.5499999996060509
600,0.533671875,2.5499999994854186
600,0.54435546875,2.5499999993295339
600,0.555,2.5499999991286231
600,0.56560546875,2.5499999988703661
600,0.576171875,2.5499999985392496
600,0.58669921875,2.5499999981158155
600,0.5971875,2.5499999975757177
600,0.6,2.5499999974053242
600,0.60763671875,2.5499999968847846
600,0.618046875,2.5499999960130362
600,0.62841796875,2.5499999949092955
600,0.63875,2.5499999935154687
600,0.64904296875,2.5499999917598148
600,0.659296875,2.5499999895539815
600,0.66951171875,2.5499999867894489
600,0.6796875,2.5499999833332647
600,0.68982421875,2.5499999790229819
600,0.699921875,2.5499999736606105
600,0.7,2.5499999736139545
600,0.70998046875,2.5499999670043589
600,0.72,2.5499999587647122
600,0.72998046875,2.5499999485874638
600,0.739921875,2.5499999360467895
600,0.74982421875,2.5499999206302388
600,0.7596875,2.549999901722646
600,0.76951171875,2.549999878587355
600,0.779296875,2.5499998503443977
600,0.78904296875,2.5499998159451716
600,0.79875,2.5499997741431475
600,0.8,2.5499997680968898
600,0.80841796875,2.549999723358241
600,0.818046875,2.5499996620515102
600,0.82763671875,2.549999588047609
600,0.8371875,2.5499994989163741
600,0.84669921875,2.5499993918029915
600,0.856171875,2.5499992633616695
600,0.86560546875,2.549999109680309
600,0.875,2.5499989261952205
600,0.88435546875,2.5499987075947947
600,0.893671875,2.549998447711006
600,0.9,2.5499982427443415
600,0.90294921875,2.5499981384105759
600,0.9121875,2.5499977734666421
600,0.92138671875,2.5499973422794757
600,0.930546875,2.5499968338842671
600,0.93966796875,2.5499962356890729
600,0.94875,2.549995533265188
600,0.95779296875,2.5499947101153384
600,0.966796875,2.5499937474179721
600,0.97576171875,2.5499926237459922
600,0.9846875,2.5499913147581368
600,0.99357421875,2.5499897928612798
600,1,2.5499885350416971
600,1.002421875,2.5499880228916258
600,1.01123046875,2.5499859777335221
600,1.02,2.5499836134558822
600,1.02873046875,2.5499808854416415
600,1.037421875,2.5499777436348694
600,1.04607421875,2.5499741319924678
600,1.0546875,2.5499699878952669
600,1.06326171875,2.5499652415172696
600,1.071796875,2.5499598151518947
600,1.08029296875,2.549953622494316
600,1.08875,2.5499465678791267
600,1.09716796875,2.5499385454729055
600,1.1,2.5499355922503564
600,1.105546875,2.5499294220586863
600,1.11388671875,2.5499191023642371
600,1.1221875,2.5499074274175042
600,1.13044921875,2.549894241745017
600,1.138671875,2.5498793749923396
600,1.14685546875,2.5498626408522793
600,1.155,2.5498438359533067
600,1.16310546875,2.549822738710501
600,1.171171875,2.5497991081417428
600,1.17919921875,2.5497726826523213
600,1.1871875,2.5497431787915836
600,1.19513671875,2.5497102899857058
600,1.2,2.5496882417082984
600,1.203046875,2.5496736345598974
600,1.21091796875,2.5496329593029952
600,1.21875,2.5495878273026604
600,1.22654296875,2.5495378265305235
600,1.234296875,2.5494825153136769
600,1.24201171875,2.5494214210351274
600,1.2496875,2.5493540388512317
600,1.25732421875,2.5492798304335151
600,1.264921875,2.549198222742544
600,1.27248046875,2.5491086068417945
600,1.28,2.5490103367596717
600,1.28748046875,2.5489027284080046
600,1.294921875,2.5487850585654441
600,1.3,2.5486981355687157
600,1.30232421875,2.548656453271898
600,1.3096875,2.5485163334008103
600,1.31701171875,2.5483637380344817
600,1.324296875,2.5481977788690995
600,1.33154296875,2.5480175246540004
600,1.33875,2.5478220007408545
600,1.34591796875,2.547610188755165
600,1.353046875,2.5473810263972809
600,1.36013671875,2.5471334073797154
600,1.3671875,2.5468661815070734
600,1.37419921875,2.546578154904342
600,1.381171875,2.5462680903986854
600,1.38810546875,2.5459347080592831
600,1.395,2.545576685898987
600,1.4,2.5452993527945629
600,1.40185546875,2.5451924656686815
600,1.408671875,2.5447810393616517
600,1.41544921875,2.5443407639740823
600,1.4221875,2.54387015965077
600,1.42888671875,2.5433677104969488
600,1.435546875,2.5428318662875018
600,1.44216796875,2.5422610443424958
600,1.44875,2.5416536315662706
600,1.45529296875,2.5410079866464681
600,1.461796875,2.5403224424085651
600,1.46826171875,2.5395953083205938
600,1.4746875,2.5388248731419947
600,1.48107421875,2.5380094077097293
600,1.487421875,2.5371471678540862
600,1.49373046875,2.5362363974358888
600,1.5,2.5352753314962015
600,1.50623046875,2.5342621995090102
600,1.512421875,2.5331952287268287
600,1.51857421875,2.5320726476087025
600,1.5246875,2.5308926893196562
600,1.53076171875,2.5296535952902706
600,1.536796875,2.5283536188247888
600,1.54279296875,2.5269910287459214
600,1.54875,2.525564113064362
600,1.55466796875,2.5240711826609252
600,1.560546875,2.5225105749691945
600,1.56638671875,2.5208806576466003
600,1.5721875,2.5191798322219565
600,1.57794921875,2.5174065377076427
600,1.583671875,2.5155592541648271
600,1.58935546875,2.5136365062104349
600,1.595,2.5116368664548578
600,1.6,2.5097878192294454
600,1.60060546875,2.5095587945266193
600,1.606171875,2.507401299454143
600,1.61169921875,2.5051629515328653
600,1.6171875,2.5028425479725138
600,1.62263671875,2.500438949771401
600,1.628046875,2.4979510845324655
600,1.63341796875,2.4953779491462376
600,1.63875,2.4927186123338889
600,1.64404296875,2.4899722170441687
600,1.649296875,2.4871379826986937
600,1.65451171875,2.4842152072807133
600,1.6596875,2.4812032692631449
600,1.66482421875,2.4781016293723481
600,1.669921875,2.474909832184772
600,1.67498046875,2.4716275075542784
600,1.68,2.4682543718685808
600,1.68498046875,2.4647902291339028
600,1.689921875,2.4612349718875577
600,1.69482421875,2.4575885819387855
600,1.6996875,2.4538511309387321
600,1.7,2.4536067883669923
600,1.70451171875,2.4500226984847733
600,1.709296875,2.4461037017587897
600,1.71404296875,2.4420944012189234
600,1.71875,2.4379952302264583
600,1.72341796875,2.4338067123413172
600,1.728046875,2.4295294609155267
600,1.73263671875,2.425164178536364
600,1.7371875,2.4207116563237752
600,1.74169921875,2.4161727730870113
600,1.746171875,2.4115484943456931
600,1.75060546875,2.4068398712207846
600,1.755,2.40204803920119
600,1.75935546875,2.3971742167918646
600,1.763671875,2.3922197040495052
600,1.76794921875,2.3871858810120274
600,1.7721875,2.3820742060281073
600,1.77638671875,2.3768862139931857
600,1.780546875,2.3716235144983329
600,1.78466796875,2.3662877898984265
600,1.78875,2.3608807933060629
600,1.79279296875,2.355404346517616
600,1.796796875,2.3498603378777823
600,1.8,2.34533768195032
600,1.80076171875,2.3442506157880856
600,1.8046875,2.3385774029768256
600,1.80857421875,2.3328426705837808
600,1.812421875,2.3270485507769196
600,1.81623046875,2.3211972308884783
600,1.82,2.3152909510382642
600,1.82373046875,2.3093320017367791
600,1.827421875,2.3033227214734198
600,1.83107421875,2.2972654942948258
600,1.8346875,2.2911627473782494
600,1.83826171875,2.2850169486045977
600,1.841796875,2.2788306041355746
600,1.84529296875,2.2726062559991567
600,1.84875,2.2663464796873587
600,1.85216796875,2.2600538817700579
600,1.855546875,2.2537310975284006
600,1.85888671875,2.2473807886110668
600,1.8621875,2.241005640716454
600,1.86544921875,2.2346083613036001
600,1.868671875,2.2281916773344395
600,1.87185546875,2.2217583330497597
600,1.875,2.2153110877809903
600,1.87810546875,2.208852713799756
600,1.881171875,2.202385994206892
600,1.88419921875,2.195913720862428
600,1.8871875,2.1894386923578253
600,1.89013671875,2.1829637120315653
600,1.893046875,2.1764915860290039
600,1.89591796875,2.1700251214072002
600,1.89875,2.1635671242852754
600,1.9,2.1606914443885845
600,1.90154296875,2.157120375832335
600,1.904296875,2.1506877186824229
600,1.90701171875,2.1442719239807628
600,1.9096875,2.1378757765183338
600,1.91232421875,2.1315020515906977
600,1.914921875,2.1251535134241677
600,1.91748046875,2.1188329136470858
600,1.92,2.1125429898056511
600,1.92248046875,2.1062864639236221
600,1.924921875,2.1000660411051548
600,1.92732421875,2.0938844081799255
600,1.9296875,2.0877442323896269
600,1.93201171875,2.0816481601148675
600,1.934296875,2.0755988156414338
600,1.93654296875,2.0695987999648233
600,1.93875,2.0636506896319431
600,1.94091796875,2.0577570356187898
600,1.943046875,2.0519203622429578
600,1.94513671875,2.0461431661097444
600,1.9471875,2.040427915090647
600,1.94919921875,2.0347770473330589
600,1.951171875,2.0291929702999196
600,1.95310546875,2.0236780598381308
600,1.955,2.0182346592745524
600,1.95685546875,2.0128650785384044
600,1.958671875,2.0075715933089362
600,1.96044921875,2.0023564441872694
600,1.9621875,1.9972218358913141
600,1.96388671875,1.9921699364727705
600,1.965546875,1.9872028765551943
600,1.96716796875,1.9823227485922235
600,1.96875,1.9775316061450559
600,1.97029296875,1.9728314631783952
600,1.971796875,1.968224293374051
600,1.97326171875,1.9637120294615344
600,1.9746875,1.9592965625649781
600,1.97607421875,1.9549797415658043
600,1.977421875,1.9507633724806557
600,1.97873046875,1.946649217854117
600,1.98,1.9426389961658437
600,1.98123046875,1.9387343812518183
600,1.982421875,1.9349370017394416
600,1.98357421875,1.9312484404963082
600,1.9846875,1.9276702340925291
600,1.98576171875,1.9242038722765369
600,1.986796875,1.920850797464392
600,1.98779296875,1.9176124042426139
600,1.98875,1.9144900388846824
600,1.98966796875,1.9114849988813285
600,1.990546875,1.9085985324848629
600,1.99138671875,1.9058318382677439
600,1.9921875,1.9031860646957224
600,1.99294921875,1.9006623097158504
600,1.993671875,1.8982616203597193
600,1.99435546875,1.8959849923623169
600,1.995,1.8938333697969008
600,1.99560546875,1.8918076447262964
600,1.996171875,1.8899086568710666
600,1.99669921875,1.8881371932949842
600,1.9971875,1.8864939881082492
600,1.99763671875,1.8849797221888878
600,1.998046875,1.883595022922772
600,1.99841796875,1.8823404639626695
600,1.99875,1.8812165650067414
600,1.99904296875,1.8802237915968583
600,1.999296875,1.8793625549371102
600,1.99951171875,1.8786332117328288
600,1.9996875,1.8780360640504425
600,1.99982421875,1.8775713591984098
600,1.999921875,1.8772392896294865
600,1.99998046875,1.8770399928645036
600,2,1.8769735514378114
900,0,2.5499999999413485
900,0.01248046875,2.5499999999401579
900,0.024921875,2.5499999999365461
900,0.03732421875,2.5499999999303316
900,0.0496875,2.549999999921198
900,0.06201171875,2.5499999999086733
900,0.074296875,2.5499999998921195
900,0.08654296875,2.5499999998706744
900,0.09875,2.5499999998432443
900,0.1,2.549999999840006
900,0.11091796875,2.5499999998083407
900,0.123046875,2.5499999997643892
900,0.13513671875,2.5499999997090876
900,0.1471875,2.5499999996396889
900,0.15919921875,2.5499999995527829
900,0.171171875,2.5499999994441431
900,0.18310546875,2.549999999308552
900,0.195,2.5499999991395659
900,0.2,2.5499999990558884
900,0.20685546875,2.5499999989279196
900,0.218671875,2.5499999986666588
900,0.23044921875,2.5499999983423538
900,0.2421875,2.5499999979404273
900,0.25388671875,2.54999999744307
900,0.265546875,2.549999996828582
900,0.27716796875,2.5499999960705653
900,0.28875,2.5499999951369707
900,0.3,2.5499999940207583
900,0.30029296875,2.5499999939882994
900,0.311796875,2.5499999925790076
900,0.32326171875,2.5499999908516711
900,0.3346875,2.5499999887380387
900,0.34607421875,2.5499999861560529
900,0.357421875,2.5499999830072526
900,0.36873046875,2.5499999791737227
900,0.38,2.5499999745145265
900,0.39123046875,2.5499999688615365
900,0.4,2.5499999635979025
900,0.402421875,2.5499999619916709
900,0.41357421875,2.5499999537144409
900,0.4246875,2.5499999437224283
900,0.43576171875,2.5499999316817124
900,0.446796875,2.5499999171977441
900,0.45779296875,2.5499998998052398
900,0.46875,2.5499998789565601
900,0.47966796875,2.5499998540083704
900,0.490546875,2.5499998242063664
900,0.5,2.5499997935366374
900,0.50138671875,2.5499997886021628
900,0.5121875,2.549999746300339
900,0.52294921875,2.5499996960269864
900,0.533671875,2.5499996363834647
900,0.54435546875,2.5499995657452366
900,0.555,2.5499994822289165
900,0.56560546875,2.5499993836551069
900,0.576171875,2.5499992675065428
900,0.58669921875,2.5499991308810981
900,0.5971875,2.5499989704390806
900,0.6,2.5499989225713624
900,0.60763671875,2.5499987818697405
900,0.618046875,2.5499985617508196
900,0.62841796875,2.5499983045358312
900,0.63875,2.5499980044742574
900,0.64904296875,2.5499976550079539
900,0.659296875,2.54999724867116
900,0.66951171875,2.5499967769800609
900,0.6796875,2.5499962303110579
900,0.68982421875,2.5499955977668933
900,0.699921875,2.5499948670297252
900,0.7,2.5499948609239915
900,0.70998046875,2.5499940241342878
900,0.72,2.5499930535591977
900,0.72998046875,2.5499919376281599
900,0.739921875,2.54999065657768
900,0.74982421875,2.5499891882598713
900,0.7596875,2.5499875078969212
900,0.76951171875,2.5499855878156228
900,0.779296875,2.5499833971609456
900,0.78904296875,2.5499809015876811
900,0.79875,2.5499780629291791
900,0.8,2.5499776683012176
900,0.80841796875,2.5499748358754424
900,0.818046875,2.5499711796032485
900,0.82763671875,2.5499670391022358
900,0.8371875,2.5499623571202306
900,0.84669921875,2.5499570705527819
900,0.856171875,2.5499511099570165
900,0.86560546875,2.549944399037432
900,0.875,2.5499368541032363
900,0.88435546875,2.5499283834970088
900,0.893671875,2.5499188869945444
900,0.9,2.5499117616092457
900,0.90294921875,2.5499082398584223
900,0.9121875,2.5498963541396047
900,0.92138671875,2.5498830838659758
900,0.930546875,2.5498682879817189
900,0.93966796875,2.5498518134377326
900,0.94875,2.5498334944256702
900,0.95779296875,2.549813151587264
900,0.966796875,2.5497905912003276
900,0.97576171875,2.5497656043430634
900,0.9846875,2.5497379660385557
900,0.99357421875,2.5497074343815229
900,1,2.5496832950932307
900,1.002421875,2.5496737157964877
900,1.01123046875,2.5496366008881344
900,1.02,2.5495957561524105
900,1.02873046875,2.5495508629818926
900,1.037421875,2.5495015812978039
900,1.04607421875,2.549447548627807
900,1.0546875,2.5493883791873193
900,1.06326171875,2.549323662968257
900,1.071796875,2.5492529648393183
900,1.08029296875,2.5491758236620634
900,1.08875,2.5490917514272193
900,1.09716796875,2.5490002324157586
900,1.1,2.54896753564678
900,1.105546875,2.548900641463276
900,1.11388671875,2.5487925695786311
900,1.1221875,2.5486753292022994
900,1.13044921875,2.5485482860636428
900,1.138671875,2.5484107745251214
900,1.14685546875,2.5482620969926031
900,1.155,2.5481015233842381
900,1.16310546875,2.5479282906626612
900,1.171171875,2.5477416024352104
900,1.17919921875,2.5475406286266984
900,1.1871875,2.5473245052291213
900,1.19513671875,2.5470923341325253
900,1.2,2.5469412876337008
900,1.203046875,2.5468430278651835
900,1.21091796875,2.5465759346251344
900,1.21875,2.5462898939057048
900,1.22654296875,2.5459838712691605
900,1.234296875,2.5456567986776912
900,1.24201171875,2.5453075748852196
900,1.2496875,2.5449350659321954
900,1.25732421875,2.5445381057451084
900,1.264921875,2.5441154968420632
900,1.27248046875,2.5436660111453433
900,1.28,2.5431883909014594
900,1.28748046875,2.5426813497087175
900,1.294921875,2.5421435736519391
900,1.3,2.5417563876406541
900,1.30232421875,2.5415735021401629
900,1.3096875,2.5409702157208702
900,1.31701171875,2.5403321002207138
900,1.324296875,2.5396577451279718
900,1.33154296875,2.5389457196536207
900,1.33875,2.5381945744754062
900,1.34591796875,2.5374028435738087
900,1.353046875,2.5365690461560253
900,1.36013671875,2.5356916886636931
900,1.3671875,2.5347692668597359
900,1.37419921875,2.5338002679893328
900,1.381171875,2.5327831730097072
900,1.38810546875,2.5317164588831611
900,1.395,2.5305986009274624
900,1.4,2.5297506815602815
900,1.40185546875,2.5294278082200425
900,1.408671875,2.528203098330438
900,1.41544921875,2.5269226848095285
900,1.4221875,2.5255850608276171
900,1.42888671875,2.5241887303027259
900,1.435546875,2.5227322104602665
900,1.44216796875,2.5212140344038434
900,1.44875,2.5196327536902552
900,1.45529296875,2.5179869409017042
900,1.461796875,2.51627519220831
900,1.46826171875,2.5144961299140629
900,1.4746875,2.5126484049794469
900,1.48107421875,2.5107306995140828
900,1.487421875,2.5087417292328995
900,1.49373046875,2.5066802458695037
900,1.5,2.5045450395406226
900,1.50623046875,2.5023349410557043
900,1.512421875,2.5000488241660084
900,1.51857421875,2.497685607747794
900,1.5246875,2.4952442579144405
900,1.53076171875,2.4927237900527
900,1.536796875,2.4901232707785188
900,1.54279296875,2.4874418198082311
900,1.54875,2.4846786117412227
900,1.55466796875,2.481832877750533
900,1.560546875,2.4789039071781729
900,1.56638671875,2.4758910490323061
900,1.5721875,2.4727937133837781
900,1.57794921875,2.4696113726598394
900,1.583671875,2.4663435628332482
900,1.58935546875,2.4629898845052969
900,1.595,2.4595500038816405
900,1.6,2.4564098401655787
900,1.60060546875,2.4560235284940659
900,1.606171875,2.4524105090404613
900,1.61169921875,2.4487106877438918
900,1.6171875,2.4449240008182045
900,1.62263671875,2.4410504533371919
900,1.628046875,2.4370901195622907
900,1.63341796875,2.4330431431643258
900,1.63875,2.4289097373406556
900,1.64404296875,2.4246901848293176
900,1.649296875,2.4203848378220476
900,1.65451171875,2.4159941177782378
900,1.6596875,2.4115185151421423
900,1.66482421875,2.4069585889658258
900,1.669921875,2.4023149664405326
900,1.67498046875,2.3975883423393389
900,1.68,2.392779478374075
900,1.68498046875,2.3878892024696712
900,1.689921875,2.3829184079591923
900,1.69482421875,2.3778680527029192
900,1.6996875,2.3727391581349599
900,1.7,2.3724054853032315
900,1.70451171875,2.3675327583671857
900,1.709296875,2.3622500984618489
900,1.71404296875,2.3568923344809671
900,1.71875,2.351460731294345
900,1.72341796875,2.3459566116172592
900,1.728046875,2.3403813546982439
900,1.73263671875,2.3347363949600326
900,1.7371875,2.3290232205973473
900,1.74169921875,2.3232433721352006
900,1.746171875,2.3173984409513757
900,1.75060546875,2.3114900677666452
900,1.755,2.3055199411062879
900,1.75935546875,2.2994897957363758
900,1.763671875,2.2934014110782086
900,1.76794921875,2.2872566096042597
900,1.7721875,2.2810572552188257
900,1.77638671875,2.2748052516265393
900,1.780546875,2.2685025406918
900,1.78466796875,2.2621511007920381
900,1.78875,2.2557529451676652
900,1.79279296875,2.2493101202714145
900,1.796796875,2.2428247041196934
900,1.8,2.237560574189926
900,1.80076171875,2.2362987539964863
900,1.8046875,2.2297345068120924
900,1.80857421875,2.2231340754399023
900,1.812421875,2.2164996477879892
900,1.81623046875,2.2098334351975844
900,1.82,2.2031376708543626
900,1.82373046875,2.1964146082165552
900,1.827421875,2.1896665194614982
900,1.83107421875,2.1828956939521094
900,1.8346875,2.176104436724676
900,1.83826171875,2.1692950669991897
900,1.841796875,2.1624699167133499
900,1.84529296875,2.1556313290812623
900,1.84875,2.1487816571777048
900,1.85216796875,2.1419232625487385
900,1.855546875,2.1350585138493452
900,1.85888671875,2.128189785508622
900,1.8621875,2.1213194564230005
900,1.86544921875,2.114449908677829
900,1.868671875,2.1075835262975615
900,1.87185546875,2.100722694024713
900,1.875,2.0938697961276294
900,1.87810546875,2.0870272152370499
900,1.881171875,2.0801973312113446
900,1.88419921875,2.0733825200302256
900,1.8871875,2.0665851527166681
900,1.89013671875,2.0598075942866947
900,1.893046875,2.053052202726608
900,1.89591796875,2.0463213279972003
900,1.89875,2.0396173110643918
900,1.9,2.0366377617378357
900,1.90154296875,2.0329424793885074
900,1.904296875,2.0262991598966109
900,1.90701171875,2.019689657830805
900,1.9096875,2.0131162689909328
900,1.91232421875,2.0065812757094297
900,1.914921875,2.0000869460266015
900,1.91748046875,1.9936355328872919
900,1.92,1.9872292733581238
900,1.92248046875,1.9808703878644085
900,1.924921875,1.9745610794458812
900,1.92732421875,1.9683035330303367
900,1.9296875,1.9620999147242846
900,1.93201171875,1.9559523711197278
900,1.934296875,1.9498630286161565
900,1.93654296875,1.9438339927568788
900,1.93875,1.9378673475788053
900,1.94091796875,1.9319651549748218
900,1.943046875,1.9261294540679237
900,1.94513671875,1.9203622605962674
900,1.9471875,1.914665566308358
900,1.94919921875,1.9090413383676199
900,1.951171875,1.9034915187655952
900,1.95310546875,1.8980180237430992
900,1.955,1.8926227432186695
900,1.95685546875,1.8873075402237025
900,1.958671875,1.8820742503437031
900,1.96044921875,1.8769246811651539
900,1.9621875,1.8718606117275018
900,1.96388671875,1.8668837919798971
900,1.965546875,1.8619959422422707
900,1.96716796875,1.8571987526705021
900,1.96875,1.8524938827253821
900,1.97029296875,1.8478829606452332
900,1.971796875,1.8433675829220182
900,1.97326171875,1.8389493137808961
900,1.9746875,1.8346296846632191
900,1.97607421875,1.8304101937130004
900,1.977421875,1.8262923052670008
900,1.97873046875,1.8222774493485918
900,1.98,1.8183670211656073
900,1.98123046875,1.8145623806125164
900,1.982421875,1.8108648517772221
900,1.98357421875,1.8072757224529044
900,1.9846875,1.8037962436553527
900,1.98576171875,1.8004276291462777
900,1.986796875,1.7971710549631663
900,1.98779296875,1.7940276589562303
900,1.98875,1.7909985403331246
900,1.98966796875,1.788084759212039
900,1.990546875,1.7852873361839099
900,1.99138671875,1.7826072518844189
900,1.9921875,1.7800454465765736
900,1.99294921875,1.7776028197445897
900,1.993671875,1.7752802296998695
900,1.99435546875,1.7730784931998536
900,1.995,1.770998385080542
900,1.99560546875,1.7690406379034502
900,1.996171875,1.7672059416178034
900,1.99669921875,1.7654949432387192
900,1.9971875,1.763908246542143
900,1.99763671875,1.7624464117772489
900,1.998046875,1.7611099553970371
900,1.99841796875,1.7598993498077733
900,1.99875,1.7588150231379267
900,1.99904296875,1.7578573590271915
900,1.999296875,1.7570266964361594
900,1.99951171875,1.7563233294771345
900,1.9996875,1.7557475072665685
900,1.99982421875,1.7552994337994834
900,1.999921875,1.7549792678462612
900,1.99998046875,1.7547871228720693
900,2,1.7547230669791383
1200,0,2.549999979906886
1200,0.01248046875,2.5499999796738115
1200,0.024921875,2.5499999789711221
1200,0.03732421875,2.5499999777815741
1200,0.0496875,2.5499999760736025
1200,0.06201171875,2.5499999738006172
1200,0.074296875,2.5499999708999934
1200,0.08654296875,2.5499999672916607
1200,0.09875,2.5499999628762686
1200,0.1,2.5499999623701695
1200,0.11091796875,2.549999957524979
1200,0.123046875,2.5499999511089673
1200,0.13513671875,2.5499999434463465
1200,0.1471875,2.5499999343325235
1200,0.15919921875,2.5499999235266806
1200,0.171171875,2.5499999107464855
1200,0.18310546875,2.5499998956619687
1200,0.195,2.5499998778885198
1200,0.2,2.5499998694535897
1200,0.20685546875,2.5499998569033422
1200,0.218671875,2.5499998323433797
1200,0.23044921875,2.5499998035245452
1200,0.2421875,2.5499997697516599
1200,0.25388671875,2.5499997302220629
1200,0.265546875,2.5499996840105212
1200,0.27716796875,2.5499996300522096
1200,0.28875,2.5499995671235576
1200,0.3,2.5499994958100642
1200,0.30029296875,2.5499994937964727
1200,0.311796875,2.5499994085129205
1200,0.32326171875,2.5499993094069513
1200,0.3346875,2.5499991943776457
1200,0.34607421875,2.5499990610290211
1200,0.357421875,2.5499989066326516
1200,0.36873046875,2.5499987280861522
1200,0.38,2.5499985218671468
1200,0.39123046875,2.5499982839823172
1200,0.4,2.5499980723225151
1200,0.402421875,2.5499980093942316
1200,0.41357421875,2.5499976940568589
1200,0.4246875,2.5499973316456268
1200,0.43576171875,2.549996915660973
1200,0.446796875,2.5499964387879968
1200,0.45779296875,2.549995892806268
1200,0.46875,2.5499952684912341
1200,0.47966796875,2.5499945555066539
1200,0.490546875,2.5499937422874388
1200,0.5,2.5499929408293913
1200,0.50138671875,2.5499928149486344
1200,0.5121875,2.5499917610538598
1200,0.52294921875,2.5499905635123485
1200,0.533671875,2.5499892044591479
1200,0.54435546875,2.5499876640483232
1200,0.555,2.5499859202647213
1200,0.56560546875,2.5499839487215681
1200,0.576171875,2.5499817224431918
1200,0.58669921875,2.5499792116322402
1200,0.5971875,2.5499763834207156
1200,0.6,2.5499755625851144
1200,0.60763671875,2.5499731970310178
1200,0.618046875,2.5499696220012877
1200,0.62841796875,2.5499656097420647
1200,0.63875,2.5499611122719017
1200,0.64904296875,2.5499560770299374
1200,0.659296875,2.5499504465178999
1200,0.66951171875,2.5499441579222832
1200,0.6796875,2.549937142716395
1200,0.68982421875,2.5499293262419807
1200,0.699921875,2.5499206272703168
1200,0.7,2.5499205560162626
1200,0.70998046875,2.5499109571100189
1200,0.72,2.5499002208755992
1200,0.72998046875,2.5498883143321112
1200,0.739921875,2.54987512516777
1200,0.74982421875,2.5498605319976955
1200,0.7596875,2.5498444038033292
1200,0.76951171875,2.5498265993528904
1200,0.779296875,2.5498069666035494
1200,0.78904296875,2.549785342086178
1200,0.79875,2.5497615502736348
1200,0.8,2.5497583068935197
1200,0.80841796875,2.5497353892235837
1200,0.818046875,2.5497066852822803
1200,0.82763671875,2.5496752084797394
1200,0.8371875,2.5496407284575637
1200,0.84669921875,2.5496029994377842
1200,0.856171875,2.5495617595210827
1200,0.86560546875,2.549516729979461
1200,0.875,2.5494676145455522
1200,0.88435546875,2.5494140987008103
1200,0.893671875,2.5493558489650243
1200,0.9,2.5493132212041676
1200,0.90294921875,2.5492924606674903
1200,0.9121875,2.5492236651236508
1200,0.92138671875,2.5491490141808999
1200,0.930546875,2.5490680915374861
1200,0.93966796875,2.5489804584900324
1200,0.94875,2.548885653288512
1200,0.95779296875,2.5487831905126281
1200,0.966796875,2.548672560472776
1200,0.97576171875,2.5485532286388444
1200,0.9846875,2.5484246351001052
1200,0.99357421875,2.5482861940594677
1200,1,2.5481791461310674
1200,1.002421875,2.5481372089667742
1200,1.01123046875,2.5479772122128725
1200,1.02,2.5478054504760532
1200,1.02873046875,2.547621230168907
1200,1.037421875,2.5474238299177161
1200,1.04607421875,2.5472125003303683
1200,1.0546875,2.5469864638205499
1200,1.06326171875,2.5467449144909722
1200,1.071796875,2.546487018078273
1200,1.08029296875,2.5462119119621018
1200,1.08875,2.5459187052406378
1200,1.09716796875,2.5456064788747055
1200,1.1,2.5454965842591264
1200,1.105546875,2.5452741330030775
1200,1.11388671875,2.5449210026111277
1200,1.1221875,2.5445459288077852
1200,1.13044921875,2.5441478828894963
1200,1.138671875,2.5437258098241697
1200,1.14685546875,2.5432786288390568
1200,1.155,2.5428052340857161
1200,1.16310546875,2.5423044953822536
1200,1.171171875,2.5417752590327609
1200,1.17919921875,2.541216348723573
1200,1.1871875,2.5406265664956944
1200,1.19513671875,2.5400046937924579
1200,1.2,2.539606154478415
1200,1.203046875,2.5393492624452563
1200,1.21091796875,2.5386594810376018
1200,1.21875,2.5379338412059758
1200,1.22654296875,2.5371710539407788
1200,1.234296875,2.5363698159500689
1200,1.24201171875,2.5355288111235126
1200,1.2496875,2.5346467120573895
1200,1.25732421875,2.5337221816376494
1200,1.264921875,2.5327538746777587
1200,1.27248046875,2.5317404396078738
1200,1.28,2.5306805202116949
1200,1.28748046875,2.5295727574071645
1200,1.294921875,2.5284157910670118
1200,1.3,2.5275934793766193
1200,1.30232421875,2.5272079987598688
1200,1.3096875,2.5259485541057947
1200,1.31701171875,2.5246358378697518
1200,1.324296875,2.5232685045969072
1200,1.33154296875,2.5218452173391976
1200,1.33875,2.5203646496240557
1200,1.34591796875,2.5188254874319096
1200,1.353046875,2.5172264311777801
1200,1.36013671875,2.5155661976923227
1200,1.3671875,2.5138435221976594
1200,1.37419921875,2.5120571602733657
1200,1.381171875,2.5102058898080704
1200,1.38810546875,2.5082885129321464
1200,1.395,2.5063038579270915
1200,1.4,2.504814287425424
1200,1.40185546875,2.5042505174939218
1200,1.408671875,2.5021279077731822
1200,1.41544921875,2.4999346803606359
1200,1.4221875,2.4976697866160382
1200,1.42888671875,2.4953322131009616
1200,1.435546875,2.4929209832620249
1200,1.44216796875,2.4904351590634186
1200,1.44875,2.4878738425654565
1200,1.45529296875,2.485236177446088
1200,1.461796875,2.4825213504624846
1200,1.46826171875,2.4797285928500465
1200,1.4746875,2.4768571816563472
1200,1.48107421875,2.4739064410077813
1200,1.487421875,2.470875743306876
1200,1.49373046875,2.4677645103584602
1200,1.5,2.4645722144230842
1200,1.50623046875,2.4612983791963403
1200,1.512421875,2.4579425807129005
1200,1.51857421875,2.4545044481743581
1200,1.5246875,2.4509836647001517
1200,1.53076171875,2.4473799680010511
1200,1.536796875,2.4436931509749207
1200,1.54279296875,2.4399230622246662
1200,1.54875,2.4360696064984584
1200,1.55466796875,2.4321327450525474
1200,1.560546875,2.4281124959371532
1200,1.56638671875,2.4240089342060926
1200,1.5721875,2.4198221920509884
1200,1.57794921875,2.4155524588610682
1200,1.583671875,2.4111999812097222
1200,1.58935546875,2.4067650627691219
1200,1.595,2.4022480641543735
1200,1.6,2.3981515434225398
1200,1.60060546875,2.3976493117054374
1200,1.606171875,2.3929694611671981
1200,1.61169921875,2.3882089514350398
1200,1.6171875,2.3833683679839228
1200,1.62263671875,2.378448351455118
1200,1.628046875,2.3734495971148784
1200,1.63341796875,2.36837285425604
1200,1.63875,2.3632189255448113
1200,1.64404296875,2.357988666315074
1200,1.649296875,2.3526829838125813
1200,1.65451171875,2.3473028363914645
1200,1.6596875,2.3418492326655058
1200,1.66482421875,2.3363232306166659
1200,1.669921875,2.3307259366633568
1200,1.67498046875,2.3250585046909875
1200,1.68,2.3193221350472872
1200,1.68498046875,2.3135180735049228
1200,1.689921875,2.3076476101939267
1200,1.69482421875,2.301712078506402
1200,1.6996875,2.2957128539759983
1200,1.7,2.2953235406867543
1200,1.70451171875,2.2896513215461631
1200,1.709296875,2.2835290005603643
1200,1.71404296875,2.2773473546717677
1200,1.71875,2.2711079163539907
1200,1.72341796875,2.2648122543249158
1200,1.728046875,2.2584619723245312
1200,1.73263671875,2.2520587078837258
1200,1.7371875,2.2456041310861297
1200,1.74169921875,2.239099943325034
1200,1.746171875,2.2325478760573882
1200,1.75060546875,2.2259496895567503
1200,1.755,2.2193071716670438
1200,1.75935546875,2.2126221365588794
1200,1.763671875,2.2058964234901115
1200,1.76794921875,2.1991318955722572
1200,1.7721875,2.1923304385442881
1200,1.77638671875,2.1854939595552523
1200,1.780546875,2.178624385957094
1200,1.78466796875,2.1717236641089568
1200,1.78875,2.1647937581941714
1200,1.79279296875,2.1578366490510565
1200,1.796796875,2.1508543330185699
1200,1.8,2.1452017747084855
1200,1.80076171875,2.1438487944850917
1200,1.8046875,2.1368221095432123
1200,1.80857421875,2.1297762884541798
1200,1.812421875,2.1227133783444447
1200,1.81623046875,2.1156354363228198
1200,1.82,2.1085445284325406
1200,1.82373046875,2.1014427286232027
1200,1.827421875,2.0943321177429826
1200,1.83107421875,2.0872147825514689
1200,1.8346875,2.0800928147533702
1200,1.83826171875,2.0729683100532865
1200,1.841796875,2.065843367231655
1200,1.84529296875,2.058720087241952
1200,1.84875,2.0516005723291104
1200,1.85216796875,2.0444869251690929
1200,1.855546875,2.0373812480294977
1200,1.85888671875,2.030285641950992
1200,1.8621875,2.0232022059493477
1200,1.86544921875,2.016133036237767
1200,1.868671875,2.009080225469158
1200,1.87185546875,2.002045861997988
1200,1.875,1.99503202916124
1200,1.87810546875,1.9880408045780322
1200,1.881171875,1.9810742594673691
1200,1.88419921875,1.9741344579834714
1200,1.8871875,1.9672234565681024
1200,1.89013671875,1.9603433033192852
1200,1.893046875,1.9534960373757593
1200,1.89591796875,1.9466836883165139
1200,1.89875,1.9399082755747123
1200,1.9,1.936900063287383
1200,1.90154296875,1.9331718114551917
1200,1.904296875,1.9264762859712716
1200,1.90701171875,1.9198236885755373
1200,1.9096875,1.9132159925198144
1200,1.91232421875,1.9066551581703752
1200,1.914921875,1.9001431324929272
1200,1.91748046875,1.8936818485468152
1200,1.92,1.8872732249876838
1200,1.92248046875,1.8809191655778337
1200,1.924921875,1.8746215587035475
1200,1.92732421875,1.8683822768986291
1200,1.9296875,1.8622031763734337
1200,1.93201171875,1.8560860965486861
1200,1.934296875,1.850032859593393
1200,1.93654296875,1.8440452699661665
1200,1.93875,1.8381251139593324
1200,1.94091796875,1.8322741592451743
1200,1.943046875,1.8264941544237445
1200,1.94513671875,1.8207868285716649
1200,1.9471875,1.815153890791386
1200,1.94919921875,1.809597029760434
1200,1.951171875,1.8041179132801652
1200,1.95310546875,1.7987181878236296
1200,1.955,1.7933994780821767
1200,1.95685546875,1.7881633865104762
1200,1.958671875,1.7830114928696723
1200,1.96044921875,1.7779453537684573
1200,1.9621875,1.7729665022018704
1200,1.96388671875,1.7680764470877275
1200,1.965546875,1.763276672800578
1200,1.96716796875,1.7585686387032056
1200,1.96875,1.7539537786756845
1200,1.97029296875,1.7494335006421293
1200,1.971796875,1.7450091860952537
1200,1.97326171875,1.7406821896189759
1200,1.9746875,1.7364538384093451
1200,1.97607421875,1.7323254317940893
1200,1.977421875,1.7282982407512086
1200,1.97873046875,1.7243735074270297
1200,1.98,1.7205524446542091
1200,1.98123046875,1.7168362354702684
1200,1.982421875,1.7132260326372202
1200,1.98357421875,1.7097229581629634
1200,1.9846875,1.7063281028251307
1200,1.98576171875,1.7030425256981241
1200,1.986796875,1.6998672536841337
1200,1.98779296875,1.6968032810489304
1200,1.98875,1.693851568963326
1200,1.98966796875,1.691013045051132
1200,1.990546875,1.6882886029445738
1200,1.99138671875,1.6856791018480406
1200,1.9921875,1.6831853661111691
1200,1.99294921875,1.6808081848121712
1200,1.993671875,1.6785483113523991
1200,1.99435546875,1.6764064630631057
1200,1.995,1.674383320825372
1200,1.99560546875,1.6724795287041412
1200,1.996171875,1.670695693597319
1200,1.99669921875,1.6690323849008479
1200,1.9971875,1.6674901341906705
1200,1.99763671875,1.6660694349224281
1200,1.998046875,1.6647707421497544
1200,1.99841796875,1.6635944722619427
1200,1.99875,1.6625410027417422
1200,1.99904296875,1.6616106719439825
1200,1.999296875,1.6608037788956853
1200,1.99951171875,1.6601205831182366
1200,1.9996875,1.6595613044721782
1200,1.99982421875,1.6591261230250516
1200,1.999921875,1.6588151789427299
1200,1.99998046875,1.6586285724045422
1200,2,1.6585663635424606
1500,0,2.5499993004868422
1500,0.01248046875,2.5499992952320851
1500,0.024921875,2.5499992794430248
1500,0.03732421875,2.549999252912738
1500,0.0496875,2.5499992152358151
1500,0.06201171875,2.5499991658041949
1500,0.074296875,2.5499991038012291
1500,0.08654296875,2.5499990281926515
1500,0.09875,2.5499989377143164
1500,0.1,2.5499989274969423
1500,0.11091796875,2.5499988307559609
1500,0.123046875,2.5499987057540365
1500,0.13513671875,2.5499985605361744
1500,0.1471875,2.549998392730259
1500,0.15919921875,2.549998199622336
1500,0.171171875,2.5499979781232884
1500,0.18310546875,2.5499977247314107
1500,0.195,2.5499974354906896
1500,0.2,2.5499973014696917
1500,0.20685546875,2.5499971051827903
1500,0.218671875,2.5499967303690725
1500,0.23044921875,2.5499963046101684
1500,0.2421875,2.549995821620648
1500,0.25388671875,2.5499952743768355
1500,0.265546875,2.5499946550428789
1500,0.27716796875,2.54999395489016
1500,0.28875,2.5499931642096945
1500,0.3,2.54999229612348
1500,0.30029296875,2.5499922720289345
1500,0.311796875,2.549991266771745
1500,0.32326171875,2.549990134984065
1500,0.3346875,2.5499888620037527
1500,0.34607421875,2.5499874316294111
1500,0.357421875,2.5499858259812966
1500,0.36873046875,2.5499840253519692
1500,0.38,2.5499820080462583
1500,0.39123046875,2.5499797502100368
1500,0.4,2.5499777949947302
1500,0.402421875,2.5499772226052011
1500,0.41357421875,2.5499744027338345
1500,0.4246875,2.5499712558884369
1500,0.43576171875,2.5499677476292528
1500,0.446796875,2.5499638403169005
1500,0.45779296875,2.5499594928644354
1500,0.46875,2.5499546604751813
1500,0.47966796875,2.5499492943659523
1500,0.490546875,2.5499433414753514
1500,0.5,2.5499376249094827
1500,0.50138671875,2.5499367397749775
1500,0.5121875,2.5499294356731474
1500,0.52294921875,2.5499213567474373
1500,0.533671875,2.5499124296023874
1500,0.54435546875,2.5499025748737756
1500,0.555,2.5498917068433662
1500,0.56560546875,2.5498797330379017
1500,0.576171875,2.5498665538124508
1500,0.58669921875,2.5498520619183087
1500,0.5971875,2.5498361420557543
1500,0.6,2.5498315968523042
1500,0.60763671875,2.5498186542613164
1500,0.618046875,2.5497994986719283
1500,0.62841796875,2.5497785160954876
1500,0.63875,2.5497555542739176
1500,0.64904296875,2.549730450449784
1500,0.659296875,2.5497030308390243
1500,0.66951171875,2.5496731100930159
1500,0.6796875,2.5496404907509995
1500,0.68982421875,2.5496049626840347
1500,0.699921875,2.5495663025316961
1500,0.7,2.5495659895815992
1500,0.70998046875,2.5495242719208231
1500,0.72,2.5494786217824155
1500,0.72998046875,2.5494290843685588
1500,0.739921875,2.5493753776641523
1500,0.74982421875,2.5493172035476879
1500,0.7596875,2.5492542472160369
1500,0.76951171875,2.5491861766134023
1500,0.779296875,2.5491126418664267
1500,0.78904296875,2.5490332747275031
1500,0.79875,2.548947688028441
1500,0.8,2.5489361559965773
1500,0.80841796875,2.5488554440551607
1500,0.818046875,2.548756179366924
1500,0.82763671875,2.5486494146984584
1500,0.8371875,2.5485346820260806
1500,0.84669921875,2.5484114919071752
1500,0.856171875,2.548279333043582
1500,0.86560546875,2.5481376718714936
1500,0.875,2.5479859521802566
1500,0.88435546875,2.547823594762463
1500,0.893671875,2.5476499970976443
1500,0.9,2.5475248486894593
1500,0.90294921875,2.5474644366201682
1500,0.9121875,2.5472664589640859
1500,0.92138671875,2.5470552907250159
1500,0.930546875,2.5468302337296969
1500,0.93966796875,2.5465905654933474
1500,0.94875,2.5463355391515274
1500,0.95779296875,2.5460643834404273
1500,0.966796875,2.545776302727309
1500,0.97576171875,2.545470477092719
1500,0.9846875,2.5451460624659825
1500,0.99357421875,2.5448021908153184
1500,1,2.5445398299152688
1500,1.002421875,2.5444378385366764
1500,1.01123046875,2.5440523572949938
1500,1.02,2.5436446736591898
1500,1.02873046875,2.5432138267922153
1500,1.037421875,2.5427588337020897
1500,1.04607421875,2.5422786897790366
1500,1.0546875,2.5417723693920462
1500,1.06326171875,2.5412388265448365
1500,1.071796875,2.5406769955909589
1500,1.08029296875,2.540085792007639
1500,1.08875,2.5394641132277034
1500,1.09716796875,2.5388108395287912
1500,1.1,2.538582956628586
1500,1.105546875,2.5381246329348386
1500,1.11388671875,2.5374047502636983
1500,1.1221875,2.5366498200885692
1500,1.13044921875,2.5358586640681957
1500,1.138671875,2.5350300919696247
1500,1.14685546875,2.5341629028731605
1500,1.155,2.5332558864236336
1500,1.16310546875,2.5323078241257115
1500,1.171171875,2.5313174906808653
1500,1.17919921875,2.5302836553634211
1500,1.1871875,2.5292050834330415
1500,1.19513671875,2.5280805375808111
1500,1.2,2.5273663400282786
1500,1.203046875,2.5269085167150402
1500,1.21091796875,2.5256883121873086
1500,1.21875,2.5244184211877441
1500,1.22654296875,2.5230976111614272
1500,1.234296875,2.5217246546147618
1500,1.24201171875,2.5202983306988518
1500,1.2496875,2.5188174268043659
1500,1.25732421875,2.5172807401645025
1500,1.264921875,2.515687079462658
1500,1.27248046875,2.514035266441383
1500,1.28,2.5123241375092387
1500,1.28748046875,2.5105525453421578
1500,1.294921875,2.508719360475955
1500,1.3,2.5074265081720384
1500,1.30232421875,2.5068232095782643
1500,1.3096875,2.5048635331010893
1500,1.31701171875,2.5028389984221722
1500,1.324296875,2.5007485631459843
1500,1.33154296875,2.4985912104529526
1500,1.33875,2.4963659505713025
1500,1.34591796875,2.4940718222182188
1500,1.353046875,2.4917078940075874
1500,1.36013671875,2.4892732658216232
1500,1.3671875,2.486767070143896
1500,1.37419921875,2.484188473351316
1500,1.381171875,2.481536676962818
1500,1.38810546875,2.4788109188425942
1500,1.395,2.4760104743558822
1500,1.4,2.4739219829042165
1500,1.40185546875,2.4731344226227154
1500,1.408671875,2.4701825885212538
1500,1.41544921875,2.4671541300453588
1500,1.4221875,2.4640484831067089
1500,1.42888671875,2.4608651261256274
1500,1.435546875,2.4576035808683896
1500,1.44216796875,2.4542634132272254
1500,1.44875,2.4508442339422185
1500,1.45529296875,2.4473456992644422
1500,1.461796875,2.4437675115598467
1500,1.46826171875,2.4401094198535365
1500,1.4746875,2.4363712203142249
1500,1.48107421875,2.4325527566788092
1500,1.487421875,2.428653920617132
1500,1.49373046875,2.4246746520371412
1500,1.5,2.4206149393307741
1500,1.50623046875,2.4164748195610497
1500,1.512421875,2.412254378590942
1500,1.51857421875,2.4079537511547442
1500,1.5246875,2.4035731208727338
1500,1.53076171875,2.3991127202100655
1500,1.536796875,2.3945728303809233
1500,1.54279296875,2.3899537811990283
1500,1.54875,2.3852559508757438
1500,1.55466796875,2.380479765767038
1500,1.560546875,2.3756257000706942
1500,1.56638671875,2.3706942754752105
1500,1.5721875,2.3656860607618984
1500,1.57794921875,2.3606016713617359
1500,1.583671875,2.3554417688686202
1500,1.58935546875,2.3502070605106757
1500,1.595,2.3448982985813371
1500,1.6,2.3401028958992192
1500,1.60060546875,2.3395162133633884
1500,1.606171875,2.3340617781680351
1500,1.61169921875,2.3285358104615446
1500,1.6171875,2.322939236365626
1500,1.62263671875,2.3172730236816075
1500,1.628046875,2.3115381811178466
1500,1.63341796875,2.3057357574896202
1500,1.63875,2.2998668408933831
1500,1.64404296875,2.2939325578572198
1500,1.649296875,2.2879340724693407
1500,1.65451171875,2.2818725854864619
1500,1.6596875,2.2757493334238612
1500,1.66482421875,2.2695655876289296
1500,1.669921875,2.2633226533399515
1500,1.67498046875,2.2570218687318762
1500,1.68,2.2506646039507801
1500,1.68498046875,2.2442522601386878
1500,1.689921875,2.2377862684504004
1500,1.69482421875,2.2312680890639087
1500,1.6996875,2.2246992101859635
1500,1.7,2.2242735880669362
1500,1.70451171875,2.2180811264128044
1500,1.709296875,2.2114154200997524
1500,1.71404296875,2.2047036371172952
1500,1.71875,2.1979473677974108
1500,1.72341796875,2.191148225507114
1500,1.728046875,2.1843078456549576
1500,1.73263671875,2.177427884702237
1500,1.7371875,2.1705100191800497
1500,1.74169921875,2.1635559447133077
1500,1.746171875,2.1565673750527563
1500,1.75060546875,2.1495460411159821
1500,1.755,2.1424936900383513
1500,1.75935546875,2.1354120842347517
1500,1.763671875,2.1283030004729522
1500,1.76794921875,2.1211682289593581
1500,1.7721875,2.1140095724378583
1500,1.77638671875,2.106828845302402
1500,1.780546875,2.0996278727239299
1500,1.78466796875,2.0924084897921627
1500,1.78875,2.0851725406727422
1500,1.79279296875,2.0779218777801494
1500,1.796796875,2.0706583609667701
1500,1.8,2.0647877597775439
1500,1.80076171875,2.06338384342392
1500,1.8046875,2.0561002237548407
1500,1.80857421875,2.0488093665024132
1500,1.812421875,2.0415131534938298
1500,1.81623046875,2.0342134701908243
1500,1.82,2.0269122049803618
1500,1.82373046875,2.0196112484825828
1500,1.827421875,2.0123124928759557
1500,1.83107421875,2.0050178312395452
1500,1.8346875,1.9977291569122637
1500,1.83826171875,1.990448362868934
1500,1.841796875,1.9831773411129214
1500,1.84529296875,1.9759179820851058
1500,1.84875,1.9686721740888524
1500,1.85216796875,1.9614418027306659
1500,1.855546875,1.9542287503761491
1500,1.85888671875,1.9470348956208396
1500,1.8621875,1.9398621127755025
1500,1.86544921875,1.9327122713653793
1500,1.868671875,1.9255872356429016
1500,1.87185546875,1.9184888641133424
1500,1.875,1.911419009072832
1500,1.87810546875,1.9043795161581725
1500,1.881171875,1.8973722239078397
1500,1.88419921875,1.8903989633335561
1500,1.8871875,1.8834615575017888
1500,1.89013671875,1.8765618211245307
1500,1.893046875,1.8697015601586853
1500,1.89591796875,1.8628825714133834
1500,1.89875,1.8561066421645454
1500,1.9,1.8531001138651473
1500,1.90154296875,1.8493755566991339
1500,1.904296875,1.8426910680835786
1500,1.90701171875,1.8360549398363422
1500,1.9096875,1.8294689173665935
1500,1.91232421875,1.8229347347073563
1500,1.914921875,1.8164541141588801
1500,1.91748046875,1.8100287659343774
1500,1.92,1.803660387807456
1500,1.92248046875,1.7973506647605582
1500,1.924921875,1.7911012686337817
1500,1.92732421875,1.7849138577734185
1500,1.9296875,1.7787900766795919
1500,1.93201171875,1.772731555652409
1500,1.934296875,1.7667399104360313
1500,1.93654296875,1.7608167418601164
1500,1.93875,1.7549636354781117
1500,1.94091796875,1.7491821612018925
1500,1.943046875,1.7434738729322918
1500,1.94513671875,1.7378403081850879
1500,1.9471875,1.7322829877120494
1500,1.94919921875,1.7268034151167033
1500,1.951171875,1.7214030764644954
1500,1.95310546875,1.7160834398870801
1500,1.955,1.7108459551805231
1500,1.95685546875,1.7056920533972284
1500,1.958671875,1.7006231464314694
1500,1.96044921875,1.6956406265984558
1500,1.9621875,1.6907458662068844
1500,1.96388671875,1.685940217125047
1500,1.965546875,1.6812250103405342
1500,1.96716796875,1.6766015555137175
1500,1.96875,1.6720711405251703
1500,1.97029296875,1.6676350310173238
1500,1.971796875,1.6632944699306329
1500,1.97326171875,1.6590506770346531
1500,1.9746875,1.6549048484544511
1500,1.97607421875,1.6508581561928228
1500,1.977421875,1.6469117476488901
1500,1.97873046875,1.6430667451336642
1500,1.98,1.6393242453832197
1500,1.98123046875,1.6356853190702227
1500,1.982421875,1.632151010314534
1500,1.98357421875,1.6287223361937326
1500,1.9846875,1.6254002862543939
1500,1.98576171875,1.622185822025026
1500,1.986796875,1.6190798765316194
1500,1.98779296875,1.6160833538167578
1500,1.98875,1.6131971284633388
1500,1.98966796875,1.6104220451239
1500,1.990546875,1.6077589180566538
1500,1.99138671875,1.6052085306692774
1500,1.9921875,1.6027716350715864
1500,1.99294921875,1.6004489516381759
1500,1.993671875,1.5982411685821483
1500,1.99435546875,1.596148941541037
1500,1.995,1.5941728931760399
1500,1.99560546875,1.5923136127856226
1500,1.996171875,1.5905716559346021
1500,1.99669921875,1.5889475440997329
1500,1.9971875,1.5874417643328236
1500,1.99763671875,1.5860547689423663
1500,1.998046875,1.5847869751946309
1500,1.99841796875,1.5836387650351091
1500,1.99875,1.582610484831166
1500,1.99904296875,1.5817024451366795
1500,1.999296875,1.5809149204794144
1500,1.99951171875,1.5802481491717797
1500,1.9996875,1.5797023331455851
1500,1.99982421875,1.5792776378112992
1500,1.999921875,1.5789741919422833
1500,1.99998046875,1.5787920875843591
1500,2,1.5787313799909986
1800,0,2.5499923429024873
1800,0.01248046875,2.5499923025485298
1800,0.024921875,2.5499921815180415
1800,0.03732421875,2.5499919789726904
1800,0.0496875,2.5499916930481894
1800,0.06201171875,2.549991320848553
1800,0.074296875,2.5499908584375306
1800,0.08654296875,2.5499903008200464
1800,0.09875,2.5499896419134065
1800,0.1,2.5499895681329479
1800,0.11091796875,2.5499888740116434
1800,0.123046875,2.5499879897682911
1800,0.13513671875,2.5499869790155429
1800,0.1471875,2.5499858308362722
1800,0.15919921875,2.549984532933864
1800,0.171171875,2.5499830715449607
1800,0.18310546875,2.5499814313423514
1800,0.195,2.5499795953279909
1800,0.2,2.5499787570818593
1800,0.20685546875,2.5499775414432939
1800,0.218671875,2.5499752557186439
1800,0.23044921875,2.54997271189771
1800,0.2421875,2.5499698850300612
1800,0.25388671875,2.5499667478043087
1800,0.265546875,2.5499632703781367
1800,0.27716796875,2.5499594201970019
1800,0.28875,2.5499551618013396
1800,0.3,2.5499505816692571
1800,0.30029296875,2.5499504559380983
1800,0.311796875,2.5499452621135643
1800,0.32326171875,2.549939534153014
1800,0.3346875,2.5499332228114668
1800,0.34607421875,2.5499262747947213
1800,0.357421875,2.5499186324932888
1800,0.36873046875,2.5499102337035886
1800,0.38,2.5499010113363361
1800,0.39123046875,2.5498908931120865
1800,0.4,2.5498822862112407
1800,0.402421875,2.5498797920024789
1800,0.41357421875,2.5498676432633611
1800,0.4246875,2.5498543473736999
1800,0.43576171875,2.549839807998215
1800,0.446796875,2.5498239218976528
1800,0.45779296875,2.5498065785490862
1800,0.46875,2.5497876597544056
1800,0.47966796875,2.5497670392374312
1800,0.490546875,2.5497445822300708
1800,0.5,2.5497233851129812
1800,0.50138671875,2.5497201338285054
1800,0.5121875,2.549693563872161
1800,0.52294921875,2.5496646978043409
1800,0.533671875,2.5496333625555736
1800,0.54435546875,2.5495993743510859
1800,0.555,2.5495625382446052
1800,0.56560546875,2.5495226476463078
1800,0.576171875,2.5494794838459698
1800,0.58669921875,2.5494328155323895
1800,0.5971875,2.5493823983102697
1800,0.6,2.5493681595983895
1800,0.60763671875,2.5493279392701429
1800,0.618046875,2.5492692374648525
1800,0.62841796875,2.5492059700434968
1800,0.63875,2.5491378354457752
1800,0.64904296875,2.5490645166187145
1800,0.659296875,2.5489856805467102
1800,0.66951171875,2.5489009777890526
1800,0.6796875,2.5488100420266058
1800,0.68982421875,2.5487124896193389
1800,0.699921875,2.548607919176443
1800,0.7,2.5486070792834652
1800,0.70998046875,2.5484959088941714
1800,0.72,2.5483760252096426
1800,0.72998046875,2.5482478087313578
1800,0.739921875,2.5481107830810261
1800,0.74982421875,2.5479644522315894
1800,0.7596875,2.5478083001906686
1800,0.76951171875,2.5476417907092404
1800,0.779296875,2.5474643670173958
1800,0.78904296875,2.5472754515889164
1800,0.79875,2.5470744459364223
1800,0.8,2.5470475713496241
1800,0.80841796875,2.5468606804058034
1800,0.818046875,2.5466336154776523
1800,0.82763671875,2.5463925374097278
1800,0.8371875,2.5461367624958284
1800,0.84669921875,2.5458655855601791
1800,0.856171875,2.5455782799695763
1800,0.86560546875,2.5452740976866584
1800,0.875,2.544952269365464
1800,0.88435546875,2.544612004490399
1800,0.893671875,2.5442524915595524
1800,0.9,2.5439958964407463
1800,0.90294921875,2.5438727618076156
1800,0.9121875,2.543472238620585
1800,0.92138671875,2.5430499092265069
1800,0.930546875,2.5426048809333874
1800,0.93966796875,2.542136241670979
1800,0.94875,2.5416430604540214
1800,0.95779296875,2.5411243878932241
1800,0.966796875,2.5405792567539303
1800,0.97576171875,2.5400066825622489
1800,0.9846875,2.5394056642583358
1800,0.99357421875,2.5387751848962998
1800,1,2.5382984301454972
1800,1.002421875,2.5381140470714936
1800,1.01123046875,2.5374215381397436
1800,1.02,2.5366964295042664
1800,1.02873046875,2.5359376485853167
1800,1.037421875,2.5351441110895725
1800,1.04607421875,2.5343147219717106
1800,1.0546875,2.5334483764352642
1800,1.06326171875,2.5325439609712594
1800,1.071796875,2.5316003544328409
1800,1.08029296875,2.5306164291441733
1800,1.08875,2.5295910520416363
1800,1.09716796875,2.5285230858453374
1800,1.1,2.5281527616440327
1800,1.105546875,2.527411163847316
1800,1.11388671875,2.5262546002206916
1800,1.1221875,2.5250520223771269
1800,1.13044921875,2.5238022884172744
1800,1.138671875,2.5225042584613537
1800,1.14685546875,2.5211567959554069
1800,1.155,2.5197587689915282
1800,1.16310546875,2.5183090516395414
1800,1.171171875,2.5168065252875129
1800,1.17919921875,2.5152500799885273
1800,1.1871875,2.5136386158110811
1800,1.19513671875,2.5119710441904859
1800,1.2,2.510918347616196
1800,1.203046875,2.5102460225107772
1800,1.21091796875,2.5084630255900708
1800,1.21875,2.5066207371896536
1800,1.22654296875,2.5047181276517509
1800,1.234296875,2.5027541853668089
1800,1.24201171875,2.5007279180766027
1800,1.2496875,2.498638354160541
1800,1.25732421875,2.4964845439027941
1800,1.264921875,2.4942655607379245
1800,1.27248046875,2.4919805024727859
1800,1.28,2.4896284924825278
1800,1.28748046875,2.487208680878604
1800,1.294921875,2.4847202456468045
1800,1.3,2.4829743665316788
1800,1.30232421875,2.482162149163806
1800,1.3096875,2.4795341195150908
1800,1.31701171875,2.4768351783924039
1800,1.324296875,2.4740646259902039
1800,1.33154296875,2.471221795554313
1800,1.33875,2.4683060543033051
1800,1.34591796875,2.465316804308614
1800,1.353046875,2.4622534833321845
1800,1.36013671875,2.459115565620603
1800,1.3671875,2.4559025626547077
1800,1.37419921875,2.4526140238538616
1800,1.381171875,2.4492495372341403
1800,1.38810546875,2.4458087300197939
1800,1.395,2.4422912692074865
1800,1.4,2.4396792347425271
1800,1.40185546875,2.4386966607332701
1800,1.408671875,2.4350250561094771
1800,1.41544921875,2.4312760425295767
1800,1.4221875,2.4274494507619822
1800,1.42888671875,2.4235451534500179
1800,1.435546875,2.4195630653880627
1800,1.44216796875,2.4155031437498646
1800,1.44875,2.4113653882693353
1800,1.45529296875,2.4071498413742463
1800,1.461796875,2.4028565882733135
1800,1.46826171875,2.39848575699726
1800,1.4746875,2.3940375183945126
1800,1.48107421875,2.3895120860822843
1800,1.487421875,2.3849097163538491
1800,1.49373046875,2.3802307080429017
1800,1.5,2.3754754023459532
1800,1.50623046875,2.370644182603761
1800,1.512421875,2.3657374740428927
1800,1.51857421875,2.3607557434785171
1800,1.5246875,2.3556994989796221
1800,1.53076171875,2.3505692894978489
1800,1.536796875,2.3453657044612424
1800,1.54279296875,2.3400893733341608
1800,1.54875,2.334740965144726
1800,1.55466796875,2.3293211879811246
1800,1.560546875,2.323830788458181
1800,1.56638671875,2.3182705511555679
1800,1.5721875,2.3126412980291025
1800,1.57794921875,2.3069438877965411
1800,1.583671875,2.3011792152993182
1800,1.58935546875,2.295348210841675
1800,1.595,2.2894518395086267
1800,1.6,2.2841399968635732
1800,1.60060546875,2.2834910513826276
1800,1.606171875,2.2774669768917892
1800,1.61169921875,2.2713806323902626
1800,1.6171875,2.2652331148923563
1800,1.62263671875,2.259025552515999
1800,1.628046875,2.252759103703871
1800,1.63341796875,2.2464349564333106
1800,1.63875,2.2400543274163556
1800,1.64404296875,2.2336184612912322
1800,1.649296875,2.2271286298066411
1800,1.65451171875,2.2205861310000703
1800,1.6596875,2.2139922883714296
1800,1.66482421875,2.2073484500531952
1800,1.669921875,2.2006559879782777
1800,1.67498046875,2.1939162970467447
1800,1.68,2.1871307942925258
1800,1.68498046875,2.180300918051187
1800,1.689921875,2.1734281271298075
1800,1.69482421875,2.1665138999799627
1800,1.6996875,2.1595597338747807
1800,1.7,2.1591096202026643
1800,1.70451171875,2.1525671304321321
1800,1.709296875,2.1455376492609233
1800,1.71404296875,2.1384728257442065
1800,1.71875,2.1313742243246399
1800,1.72341796875,2.1242434242436925
1800,1.728046875,2.1170820187610717
1800,1.73263671875,2.1098916143837982
1800,1.7371875,2.1026738301055627
1800,1.74169921875,2.0954302966569411
1800,1.746171875,2.0881626557670123
1800,1.75060546875,2.0808725594368571
1800,1.755,2.0735616692254104
1800,1.75935546875,2.0662316555480729
1800,1.763671875,2.0588841969884304
1800,1.76794921875,2.0515209796234308
1800,1.7721875,2.0441436963622879
1800,1.77638671875,2.0367540462993472
1800,1.780546875,2.0293537340811385
1800,1.78466796875,2.0219444692877482
1800,1.78875,2.0145279658286523
1800,1.79279296875,2.0071059413530827
1800,1.796796875,1.9996801166749747
1800,1.8,1.9936850242131929
1800,1.80076171875,1.9922522096035398
1800,1.8046875,1.9848239565440629
1800,1.80857421875,1.9773970791894604
1800,1.812421875,1.9699733055529116
1800,1.81623046875,1.9625543641547072
1800,1.82,1.9551419835335628
1800,1.82373046875,1.9477378917718136
1800,1.827421875,1.9403438160342665
1800,1.83107421875,1.9329614821204268
1800,1.8346875,1.925592614029827
1800,1.83826171875,1.9182389335401235
1800,1.841796875,1.9109021597976084
1800,1.84529296875,1.9035840089197729
1800,1.84875,1.8962861936095041
1800,1.85216796875,1.8890104227804945
1800,1.855546875,1.8817584011934196
1800,1.85888671875,1.8745318291023967
1800,1.8621875,1.8673324019112483
1800,1.86544921875,1.8601618098390393
1800,1.868671875,1.853021737594361
1800,1.87185546875,1.8459138640578199
1800,1.875,1.8388398619721502
1800,1.87810546875,1.8318013976393803
1800,1.881171875,1.8248001306244501
1800,1.88419921875,1.8178377134646821
1800,1.8871875,1.8109157913844718
1800,1.89013671875,1.8040360020145909
1800,1.893046875,1.7971999751154515
1800,1.89591796875,1.7904093323037016
1800,1.89875,1.7836656867815002
1800,1.9,1.7806747759224166
1800,1.90154296875,1.7769706518328454
1800,1.904296875,1.7703258053780331
1800,1.90701171875,1.7637327426541729
1800,1.9096875,1.7571930405291656
1800,1.91232421875,1.7507082661203561
1800,1.914921875,1.7442799765263226
1800,1.91748046875,1.7379097185568475
1800,1.92,1.7315990284604725
1800,1.92248046875,1.7253494316490074
1800,1.924921875,1.7191624424184315
1800,1.92732421875,1.713039563665594
1800,1.9296875,1.7069822866001665
1800,1.93201171875,1.7009920904513234
1800,1.934296875,1.6950704421686302
1800,1.93654296875,1.6892187961166605
1800,1.93875,1.6834385937628951
1800,1.94091796875,1.6777312633584636
1800,1.943046875,1.6720982196113581
1800,1.94513671875,1.6665408633517422
1800,1.9471875,1.6610605811890451
1800,1.94919921875,1.6556587451605773
1800,1.951171875,1.6503367123714061
1800,1.95310546875,1.6450958246253133
1800,1.955,1.6399374080466906
1800,1.95685546875,1.6348627726932725
1800,1.958671875,1.6298732121596513
1800,1.96044921875,1.6249700031716043
1800,1.9621875,1.6201544051712531
1800,1.96388671875,1.6154276598932167
1800,1.965546875,1.6107909909318836
1800,1.96716796875,1.6062456033000729
1800,1.96875,1.6017926829793316
1800,1.97029296875,1.5974333964622591
1800,1.971796875,1.5931688902872241
1800,1.97326171875,1.5890002905659733
1800,1.9746875,1.5849287025046448
1800,1.97607421875,1.5809552099187676
1800,1.977421875,1.5770808747429124
1800,1.97873046875,1.5733067365356859
1800,1.98,1.5696338119808191
1800,1.98123046875,1.5660630943851983
1800,1.982421875,1.5625955531746689
1800,1.98357421875,1.5592321333885661
1800,1.9846875,1.5559737551739172
1800,1.98576171875,1.5528213132803383
1800,1.986796875,1.5497756765566877
1800,1.98779296875,1.5468376874505445
1800,1.98875,1.5440081615116743
1800,1.98966796875,1.541287886900599
1800,1.990546875,1.5386776239034874
1800,1.99138671875,1.5361781044545286
1800,1.9921875,1.533790031667045
1800,1.99294921875,1.5315140793745314
1800,1.993671875,1.5293508916828653
1800,1.99435546875,1.5273010825349083
1800,1.995,1.5253652352887219
1800,1.99560546875,1.5235439023105792
1800,1.996171875,1.521837604583975
1800,1.99669921875,1.5202468313357724
1800,1.9971875,1.5187720396806168
1800,1.99763671875,1.5174136542846866
1800,1.998046875,1.5161720670498322
1800,1.99841796875,1.5150476368190788
1800,1.99875,1.5140406891044251
1800,1.99904296875,1.5131515158378062
1800,1.999296875,1.5123803751460279
1800,1.99951171875,1.5117274911503931
1800,1.9996875,1.5111930537916887
1800,1.99982421875,1.5107772186810937
1800,1.999921875,1.5104801069775198
1800,1.99998046875,1.5103018052917756
1800,2,1.5102423656178832
