time_s,distance_cm,temperature_c
100,0,28.000053434678421
100,0.01248046875,28.000053539099213
100,0.024921875,28.000053851486712
100,0.03732421875,28.000054371334897
100,0.0496875,28.000055099062024
100,0.06201171875,28.000056035997318
100,0.074296875,28.000057184364948
100,0.08654296875,28.000058547269077
100,0.09875,28.000060128682662
100,0.1,28.000060303603959
100,0.11091796875,28.000061933858888
100,0.123046875,28.000063967608014
100,0.13513671875,28.000066236931673
100,0.1471875,28.000068749218542
100,0.15919921875,28.00007151270961
100,0.171171875,28.000074536501359
100,0.18310546875,28.000077830551788
100,0.195,28.000081405687808
100,0.2,28.000083000102222
100,0.20685546875,28.000085275904894
100,0.218671875,28.000089449102177
100,0.23044921875,28.000093941194848
100,0.2421875,28.000098766593567
100,0.25388671875,28.000103940640599
100,0.265546875,28.000109479626758
100,0.27716796875,28.000115400809136
100,0.28875,28.000121722430038
100,0.3,28.000128287236464
100,0.30029296875,28.000128464112095
100,0.311796875,28.000135645367777
100,0.32326171875,28.000143287910873
100,0.3346875,28.00015141413644
100,0.34607421875,28.000160047534735
100,0.357421875,28.000169212715605
100,0.36873046875,28.000178935432757
100,0.38,28.000189242609679
100,0.39123046875,28.000200162364649
100,0.4,28.00020916487199
100,0.402421875,28.000211727881151
100,0.41357421875,28.000223961936626
100,0.4246875,28.000236900372272
100,0.43576171875,28.000250576349515
100,0.446796875,28.000265024357248
100,0.45779296875,28.00028028023911
100,0.46875,28.000296381219584
100,0.47966796875,28.000313365931333
100,0.490546875,28.000331274440953
100,0.5,28.000347676810065
100,0.50138671875,28.00035015187774
100,0.5121875,28.000370033948229
100,0.52294921875,28.000390968890997
100,0.533671875,28.000413002765697
100,0.54435546875,28.000436183192392
100,0.555,28.000460559374972
100,0.56560546875,28.000486182124462
100,0.576171875,28.000513103880962
100,0.58669921875,28.000541378734908
100,0.5971875,28.000571062447534
100,0.6,28.000579292517386
100,0.60763671875,28.000602221274164
100,0.618046875,28.000634896550537
100,0.62841796875,28.000669158204857
100,0.63875,28.000705068864249
100,0.64904296875,28.000742692913207
100,0.659296875,28.000782096506839
100,0.66951171875,28.00082334758298
100,0.6796875,28.000866515873383
100,0.68982421875,28.000911672912764
100,0.699921875,28.000958892046924
100,0.7,28.000959266498171
100,0.70998046875,28.001008248900519
100,0.72,28.001059819525267
100,0.72998046875,28.001113683202902
100,0.739921875,28.001169920568543
100,0.74982421875,28.001228614082549
100,0.7596875,28.001289848028136
100,0.76951171875,28.001353708506826
100,0.779296875,28.001420283432367
100,0.78904296875,28.00148966252226
100,0.79875,28.001561937288045
100,0.8,28.001571484573844
100,0.80841796875,28.001637209734156
100,0.818046875,28.001715557322086
100,0.82763671875,28.00179708576195
100,0.8371875,28.001881893595396
100,0.84669921875,28.001970081075399
100,0.856171875,28.002061750143071
100,0.86560546875,28.002157004402761
100,0.875,28.002255949094604
100,0.88435546875,28.002358691065126
100,0.893671875,28.002465338735306
100,0.9,28.002540341511974
100,0.90294921875,28.0025760230792
100,0.9121875,28.002690813151332
100,0.92138671875,28.002809843307944
100,0.930546875,28.002933227903497
100,0.93966796875,28.003061082674094
100,0.94875,28.003193524692051
100,0.95779296875,28.003330672317986
100,0.966796875,28.003472645151305
100,0.97576171875,28.003619563977907
100,0.9846875,28.00377155071584
100,0.99357421875,28.003928728358972
100,1,28.004046147795464
100,1.002421875,28.004091244320819
100,1.01123046875,28.004259176377957
100,1.02,28.004432674202803
100,1.02873046875,28.004611864483081
100,1.037421875,28.004796874667647
100,1.04607421875,28.004987832897257
100,1.0546875,28.005184867933394
100,1.06326171875,28.005388109085402
100,1.071796875,28.005597686135275
100,1.08029296875,28.005813729260524
100,1.08875,28.006036368955961
100,1.09716796875,28.006265735952809
100,1.1,28.006344696429437
100,1.105546875,28.006501992016865
100,1.11388671875,28.006745205893708
100,1.1221875,28.006995539879938
100,1.13044921875,28.007253124813928
100,1.138671875,28.007518091343115
100,1.14685546875,28.007790569834583
100,1.155,28.008070690283034
100,1.16310546875,28.008358582218591
100,1.171171875,28.008654374612377
100,1.17919921875,28.008958195781645
100,1.1871875,28.009270173293885
100,1.19513671875,28.009590433868766
100,1.2,28.00979132805162
100,1.203046875,28.009919140203863
100,1.21091796875,28.010256342701609
100,1.21875,28.010602202373036
100,1.22654296875,28.010956841556492
100,1.234296875,28.011320381243763
100,1.24201171875,28.011692940977412
100,1.2496875,28.012074638749141
100,1.25732421875,28.012465590896625
100,1.264921875,28.012865912000564
100,1.27248046875,28.013275714780889
100,1.28,28.013695109993364
100,1.28748046875,28.01412420632613
100,1.294921875,28.014563110296024
100,1.3,28.0148696954098
100,1.30232421875,28.015011962499102
100,1.3096875,28.015470791676648
100,1.31701171875,28.015939733997698
100,1.324296875,28.016418886260794
100,1.33154296875,28.016908342578631
100,1.33875,28.017408194276072
100,1.34591796875,28.01791852978954
100,1.353046875,28.018439434566744
100,1.36013671875,28.018970990966579
100,1.3671875,28.019513278161526
100,1.37419921875,28.020066372039878
100,1.381171875,28.020630345108998
100,1.38810546875,28.021205266400273
100,1.395,28.021791201375265
100,1.4,28.02222521343208
100,1.40185546875,28.022388246138007
100,1.408671875,28.022996389785419
100,1.41544921875,28.023615721174735
100,1.4221875,28.0242462905764
100,1.42888671875,28.024888144243164
100,1.435546875,28.025541324325786
100,1.44216796875,28.026205868790214
100,1.44875,28.026881811336921
100,1.45529296875,28.027569181322292
100,1.461796875,28.028268003682001
100,1.46826171875,28.028978298856657
100,1.4746875,28.029700082719842
100,1.48107421875,28.030433366508078
100,1.487421875,28.031178156753754
100,1.49373046875,28.031934455219755
100,1.5,28.03270225883756
100,1.50623046875,28.033481559647214
100,1.512421875,28.034272344740259
100,1.51857421875,28.035074596205391
100,1.5246875,28.035888291076844
100,1.53076171875,28.03671340128551
100,1.536796875,28.037549893613004
100,1.54279296875,28.03839772964875
100,1.54875,28.039256865750474
100,1.55466796875,28.04012725300646
100,1.560546875,28.041008837202526
100,1.56638671875,28.041901558790528
100,1.5721875,28.042805352861194
100,1.57794921875,28.043720149119395
100,1.583671875,28.044645871863395
100,1.58935546875,28.045582439966211
100,1.595,28.046529766861511
100,1.6,28.047383458178274
100,1.60060546875,28.04748777500447
100,1.606171875,28.048456337874143
100,1.61169921875,28.049435367103968
100,1.6171875,28.05042475428786
100,1.62263671875,28.051424385556118
100,1.628046875,28.052434141580591
100,1.63341796875,28.053453897583495
100,1.63875,28.054483523349006
100,1.64404296875,28.055522883238666
100,1.649296875,28.056571836209912
100,1.65451171875,28.057630235838246
100,1.6596875,28.058697930341964
100,1.66482421875,28.059774762611482
100,1.669921875,28.060860570240663
100,1.67498046875,28.06195518556251
100,1.68,28.063058435686969
100,1.68498046875,28.064170142542821
100,1.689921875,28.06529012292259
100,1.69482421875,28.066418188530577
100,1.6996875,28.067554146034013
100,1.7,28.067627721641827
100,1.70451171875,28.068697804204874
100,1.709296875,28.069848945590536
100,1.71404296875,28.071007369209781
100,1.71875,28.0721728621549
100,1.72341796875,28.073345206782903
100,1.728046875,28.074524180784294
100,1.73263671875,28.075709557255777
100,1.7371875,28.076901104774947
100,1.74169921875,28.078098587477598
100,1.746171875,28.079301765138496
100,1.75060546875,28.080510393254087
100,1.755,28.081724223127878
100,1.75935546875,28.082943001959165
100,1.763671875,28.084166472932907
100,1.76794921875,28.085394375313115
100,1.7721875,28.086626444537899
100,1.77638671875,28.087862412317293
100,1.780546875,28.08910200673273
100,1.78466796875,28.090344952339535
100,1.78875,28.091590970270317
100,1.79279296875,28.092839778341613
100,1.796796875,28.094091091161545
100,1.8,28.09510268146488
100,1.80076171875,28.095344632181593
100,1.8046875,28.096600085995135
100,1.80857421875,28.097857170239934
100,1.812421875,28.099115587807319
100,1.81623046875,28.100375038946879
100,1.82,28.101635221384697
100,1.82373046875,28.102895830443231
100,1.827421875,28.10415655916205
100,1.83107421875,28.105417098420332
100,1.8346875,28.106677137060274
100,1.83826171875,28.107936362011571
100,1.841796875,28.109194458417619
100,1.84529296875,28.110451109762096
100,1.84875,28.111705997996296
100,1.85216796875,28.11295880366805
100,1.855546875,28.114209206051157
100,1.85888671875,28.115456883275101
100,1.8621875,28.116701512455904
100,1.86544921875,28.117942769827323
100,1.868671875,28.119180330872382
100,1.87185546875,28.120413870455934
100,1.875,28.121643062956764
100,1.87810546875,28.122867582400659
100,1.881171875,28.124087102593251
100,1.88419921875,28.125301297253088
100,1.8871875,28.126509840145047
100,1.89013671875,28.127712405213344
100,1.893046875,28.128908666714494
100,1.89591796875,28.130098299350948
100,1.89875,28.13128097840314
100,1.9,28.131805923465606
100,1.90154296875,28.132456387573768
100,1.904296875,28.133624188257215
100,1.90701171875,28.134784065992278
100,1.9096875,28.135935699694755
100,1.91232421875,28.1370787695177
100,1.914921875,28.138212956981704
100,1.91748046875,28.139337945104216
100,1.92,28.140453418528864
100,1.92248046875,28.14155906365346
100,1.924921875,28.142654568757621
100,1.92732421875,28.143739624129068
100,1.9296875,28.144813922189485
100,1.93201171875,28.14587715761877
100,1.934296875,28.146929027478961
100,1.93654296875,28.147969231336845
100,1.93875,28.148997471384973
100,1.94091796875,28.150013452562177
100,1.943046875,28.151016882672252
100,1.94513671875,28.152007472502135
100,1.9471875,28.152984935937923
100,1.94919921875,28.153948990079925
100,1.951171875,28.154899355356463
100,1.95310546875,28.155835755635621
100,1.955,28.156757918336211
100,1.95685546875,28.15766557453685
100,1.958671875,28.158558459083338
100,1.96044921875,28.159436310694502
100,1.9621875,28.160298872066335
100,1.96388671875,28.161145889974932
100,1.965546875,28.161977115376772
100,1.96716796875,28.162792303507899
100,1.96875,28.163591213981078
100,1.97029296875,28.164373610881285
100,1.971796875,28.165139262858816
100,1.97326171875,28.165887943221378
100,1.9746875,28.166619430022934
100,1.97607421875,28.167333506152147
100,1.977421875,28.168029959417197
100,1.97873046875,28.168708582630188
100,1.98,28.169369173688153
100,1.98123046875,28.170011535652691
100,1.982421875,28.170635476827499
100,1.98357421875,28.17124081083324
100,1.9846875,28.171827356680808
100,1.98576171875,28.172394938842274
100,1.986796875,28.172943387319492
100,1.98779296875,28.173472537710609
100,1.98875,28.173982231274124
100,1.98966796875,28.174472314990965
100,1.990546875,28.174942641624284
100,1.99138671875,28.175393069776646
100,1.9921875,28.175823463945051
100,1.99294921875,28.17623369457408
100,1.993671875,28.176623638105355
100,1.99435546875,28.176993177026588
100,1.995,28.177342199916552
100,1.99560546875,28.177670601488558
100,1.996171875,28.177978282631045
100,1.99669921875,28.178265150446293
100,1.9971875,28.178531118286458
100,1.99763671875,28.178776105786596
100,1.998046875,28.17900003889622
100,1.99841796875,28.179202849907995
100,1.99875,28.179384477483609
100,1.99904296875,28.179544866677702
100,1.999296875,28.179683968958955
100,1.99951171875,28.179801742229017
100,1.9996875,28.17989815083871
100,1.99982421875,28.179973165601666
100,1.999921875,28.180026763805756
100,1.99998046875,28.180058929221673
100,2,28.180069652109353
300,0,28.040794085379332
300,0.01248046875,28.040807214090421
300,0.024921875,28.040846442660381
300,0.03732421875,28.040911547705662
300,0.0496875,28.041002320714369
300,0.06201171875,28.041118567719593
300,0.074296875,28.041260108863526
300,0.08654296875,28.041426777959657
300,0.09875,28.04161842206048
300,0.1,28.041639490167825
300,0.11091796875,28.041834907308157
300,0.123046875,28.042076092855382
300,0.13513671875,28.042341869827226
300,0.1471875,28.042632134031976
300,0.15919921875,28.042946792457428
300,0.171171875,28.043285762877986
300,0.18310546875,28.043648973468066
300,0.195,28.044036362422503
300,0.2,28.044206828363428
300,0.20685546875,28.044447908565473
300,0.218671875,28.044883505638211
300,0.23044921875,28.045343152157443
300,0.2421875,28.045826822716549
300,0.25388671875,28.046334500123635
300,0.265546875,28.046866175057687
300,0.27716796875,28.04742184573081
300,0.28875,28.04800151755552
300,0.3,28.048589560769074
300,0.30029296875,28.04860520717898
300,0.311796875,28.049232924587386
300,0.32326171875,28.049884699356653
300,0.3346875,28.050560562490659
300,0.34607421875,28.051260550615609
300,0.357421875,28.051984705680809
300,0.36873046875,28.052733074663763
300,0.38,28.053505709281467
300,0.39123046875,28.054302665706302
300,0.4,28.054943968582734
300,0.402421875,28.055124041096008
300,0.41357421875,28.055969825261855
300,0.4246875,28.056840123746326
300,0.43576171875,28.057735007802364
300,0.446796875,28.058654551793893
300,0.45779296875,28.059598832941447
300,0.46875,28.060567931073194
300,0.47966796875,28.061561928380343
300,0.490546875,28.062580909177711
300,0.5,28.063489800215109
300,0.50138671875,28.063624987412254
300,0.5121875,28.064694194973526
300,0.52294921875,28.065788649399792
300,0.533671875,28.066908441198677
300,0.54435546875,28.068053661874842
300,0.555,28.069224403718295
300,0.56560546875,28.070420759598278
300,0.576171875,28.07164282276085
300,0.58669921875,28.072890686631581
300,0.5971875,28.074164444622681
300,0.6,28.074511270121093
300,0.60763671875,28.075464243312126
300,0.618046875,28.07679006803761
300,0.62841796875,28.078142065198961
300,0.63875,28.079520326316185
300,0.64904296875,28.080924941999513
300,0.659296875,28.082356001783353
300,0.66951171875,28.083813593964408
300,0.6796875,28.085297805444895
300,0.68982421875,28.086808721579303
300,0.699921875,28.088346426026078
300,0.7,28.088358451992519
300,0.70998046875,28.089911002808265
300,0.72,28.091502527326668
300,0.72998046875,28.093121079533148
300,0.739921875,28.094766734899054
300,0.74982421875,28.096439566519564
300,0.7596875,28.098139644989431
300,0.76951171875,28.099867038283662
300,0.779296875,28.101621811641166
300,0.78904296875,28.103404027453109
300,0.79875,28.105213745154856
300,0.8,28.105449337232926
300,0.80841796875,28.107051054282522
300,0.818046875,28.108915941387124
300,0.82763671875,28.1108084899343
300,0.8371875,28.112728746527523
300,0.84669921875,28.114676754328343
300,0.856171875,28.116652552969811
300,0.86560546875,28.118656178473373
300,0.875,28.120687663168724
300,0.88435546875,28.12274703561701
300,0.893671875,28.124834320536991
300,0.9,28.126273160029996
300,0.90294921875,28.126949603404455
300,0.9121875,28.129092771110265
300,0.92138671875,28.131263901716295
300,0.930546875,28.133463003894065
300,0.93966796875,28.135690082147846
300,0.94875,28.137945136758162
300,0.95779296875,28.140228163727386
300,0.966796875,28.142539154727842
300,0.97576171875,28.144878097052242
300,0.9846875,28.147244973566217
300,0.99357421875,28.149639762663639
300,1,28.151395474160893
300,1.002421875,28.152062497083762
300,1.01123046875,28.154513027933376
300,1.02,28.156991379310853
300,1.02873046875,28.159497511309723
300,1.037421875,28.162031379355028
300,1.04607421875,28.164592934169036
300,1.0546875,28.167182121738733
300,1.06326171875,28.169798883285068
300,1.071796875,28.172443155232713
300,1.08029296875,28.175114869181755
300,1.08875,28.177813951880864
300,1.09716796875,28.180540325200639
300,1.1,28.181466579179244
300,1.105546875,28.18329397069374
300,1.11388671875,28.186074670727692
300,1.1221875,28.188882397500834
300,1.13044921875,28.191717053132152
300,1.138671875,28.194578534746825
300,1.14685546875,28.197466734456214
300,1.155,28.200381539337627
300,1.16310546875,28.20332283141488
300,1.171171875,28.206290487639706
300,1.17919921875,28.20928437987385
300,1.1871875,28.212304374870996
300,1.19513671875,28.215350334259483
300,1.2,28.217234098916606
300,1.203046875,28.218422180592825
300,1.21091796875,28.221519632575564
300,1.21875,28.224642602936342
300,1.22654296875,28.227790932638698
300,1.234296875,28.230964457441132
300,1.24201171875,28.234163007881591
300,1.2496875,28.237386409263195
300,1.25732421875,28.240634481639972
300,1.264921875,28.243907039802536
300,1.27248046875,28.247203893264384
300,1.28,28.250524846248311
300,1.28748046875,28.253869697673395
300,1.294921875,28.257238241142204
300,1.3,28.259560807272521
300,1.30232421875,28.26063032187875
300,1.3096875,28.264045608514095
300,1.31701171875,28.267483935992573
300,1.324296875,28.270945076528619
300,1.33154296875,28.274428796961615
300,1.33875,28.277934858745027
300,1.34591796875,28.281463017936517
300,1.353046875,28.285013025188675
300,1.36013671875,28.288584625739588
300,1.3671875,28.292177559405161
300,1.37419921875,28.295791560571217
300,1.381171875,28.299426358186565
300,1.38810546875,28.303081675756459
300,1.395,28.306757231337599
300,1.4,28.309448520941487
300,1.40185546875,28.310452785725488
300,1.408671875,28.314167949366208
300,1.41544921875,28.317902472464141
300,1.4221875,28.321656051243849
300,1.42888671875,28.325428376467357
300,1.435546875,28.329219133434947
300,1.44216796875,28.333028001986179
300,1.44875,28.336854656502908
300,1.45529296875,28.34069876591326
300,1.461796875,28.344559993696691
300,1.46826171875,28.348437997890983
300,1.4746875,28.352332431100422
300,1.48107421875,28.35624294050524
300,1.487421875,28.360169167872868
300,1.49373046875,28.3641107495705
300,1.5,28.368067316579868
300,1.50623046875,28.372038494513276
300,1.512421875,28.376023903631335
300,1.51857421875,28.380023158862627
300,1.5246875,28.384035869825823
300,1.53076171875,28.388061640852413
300,1.536796875,28.392100071012237
300,1.54279296875,28.396150754141104
300,1.54875,28.400213278870524
300,1.55466796875,28.404287228658234
300,1.560546875,28.40837218182287
300,1.56638671875,28.412467711579097
300,1.5721875,28.41657338607564
300,1.57794921875,28.420688768435582
300,1.583671875,28.424813416798486
300,1.58935546875,28.428946884365303
300,1.595,28.433088719445095
300,1.6,28.436788481065605
300,1.60060546875,28.437238482918815
300,1.606171875,28.441395678543984
300,1.61169921875,28.445559857765431
300,1.6171875,28.449730549841377
300,1.62263671875,28.453907279407872
300,1.628046875,28.458089566540252
300,1.63341796875,28.462276926816344
300,1.63875,28.466468871382574
300,1.64404296875,28.470664907022012
300,1.649296875,28.474864536225141
300,1.65451171875,28.479067257262898
300,1.6596875,28.483272564261995
300,1.66482421875,28.487479947283248
300,1.669921875,28.491688892401044
300,1.67498046875,28.4958988817869
300,1.68,28.500109393793366
300,1.68498046875,28.504319903041903
300,1.689921875,28.508529880512128
300,1.69482421875,28.512738793633844
300,1.6996875,28.516946106380828
300,1.7,28.517217551752879
300,1.70451171875,28.521151287451175
300,1.709296875,28.525353777998475
300,1.71404296875,28.529553040333042
300,1.71875,28.533748525590738
300,1.72341796875,28.537939681954924
300,1.728046875,28.542125954763264
300,1.73263671875,28.546306786617038
300,1.7371875,28.550481617492153
300,1.74169921875,28.554649884851756
300,1.746171875,28.558811023761507
300,1.75060546875,28.562964467005997
300,1.755,28.567109645207154
300,1.75935546875,28.571245986944859
300,1.763671875,28.57537291887877
300,1.76794921875,28.579489865871665
300,1.7721875,28.583596251115068
300,1.77638671875,28.587691496255729
300,1.780546875,28.591775021524029
300,1.78466796875,28.595846245863697
300,1.78875,28.599904587062667
300,1.79279296875,28.603949461885975
300,1.796796875,28.607980286208829
300,1.8,28.611222986637699
300,1.80076171875,28.611996488247257
300,1.8046875,28.615997456271714
300,1.80857421875,28.619982617439462
300,1.812421875,28.623951385427745
300,1.81623046875,28.627903173709512
300,1.82,28.631837395693083
300,1.82373046875,28.635753464863683
300,1.827421875,28.639650794924535
300,1.83107421875,28.643528799939531
300,1.8346875,28.647386894475915
300,1.83826171875,28.651224493747918
300,1.841796875,28.655041013761092
300,1.84529296875,28.658835871456631
300,1.84875,28.662608484856378
300,1.85216796875,28.666358273208061
300,1.855546875,28.670084657131213
300,1.85888671875,28.673787058762343
300,1.8621875,28.677464901901601
300,1.86544921875,28.681117612158232
300,1.868671875,28.684744617096783
300,1.87185546875,28.68834534638313
300,1.875,28.691919231930342
300,1.87810546875,28.695465708044878
300,1.881171875,28.698984211571258
300,1.88419921875,28.702474182038145
300,1.8871875,28.705935061802904
300,1.89013671875,28.709366296196094
300,1.893046875,28.712767333665624
300,1.89591796875,28.716137625920624
300,1.89875,28.719476628073892
300,1.9,28.720955014839944
300,1.90154296875,28.722783806987138
300,1.904296875,28.726058608587095
300,1.90701171875,28.729300507268931
300,1.9096875,28.732508973178312
300,1.91232421875,28.73568348056989
300,1.914921875,28.738823507945426
300,1.91748046875,28.741928538191303
300,1.92,28.744998058715112
300,1.92248046875,28.748031561581342
300,1.924921875,28.751028543645646
300,1.92732421875,28.753988506688245
300,1.9296875,28.756910957546097
300,1.93201171875,28.759795408243576
300,1.934296875,28.762641376122247
300,1.93654296875,28.765448383969101
300,1.93875,28.76821596014355
300,1.94091796875,28.770943638702761
300,1.943046875,28.773630959525804
300,1.94513671875,28.776277468436433
300,1.9471875,28.778882717323938
300,1.94919921875,28.78144626426257
300,1.951171875,28.783967673629832
300,1.95310546875,28.786446516222099
300,1.955,28.788882369369617
300,1.95685546875,28.791274817049214
300,1.958671875,28.793623449995494
300,1.96044921875,28.795927865810029
300,1.9621875,28.798187669068511
300,1.96388671875,28.800402471427105
300,1.965546875,28.80257189172562
300,1.96716796875,28.804695556089484
300,1.96875,28.806773098029851
300,1.97029296875,28.80880415854125
300,1.971796875,28.81078838619743
300,1.97326171875,28.81272543724566
300,1.9746875,28.814614975698134
300,1.97607421875,28.816456673421726
300,1.977421875,28.818250210225926
300,1.97873046875,28.819995273948223
300,1.98,28.821691560537317
300,1.98123046875,28.82333877413447
300,1.982421875,28.82493662715251
300,1.98357421875,28.826484840352407
300,1.9846875,28.827983142917844
300,1.98576171875,28.829431272527643
300,1.986796875,28.830828975425788
300,1.98779296875,28.83217600648868
300,1.98875,28.83347212929101
300,1.98966796875,28.834717116168349
300,1.990546875,28.835910748278366
300,1.99138671875,28.837052815658694
300,1.9921875,28.838143117283153
300,1.99294921875,28.839181461115345
300,1.993671875,28.84016766415948
300,1.99435546875,28.841101552509542
300,1.995,28.841982961395331
300,1.99560546875,28.842811735226462
300,1.996171875,28.843587727633633
300,1.99669921875,28.844310801507788
300,1.9971875,28.844980829036615
300,1.99763671875,28.845597691738249
300,1.998046875,28.846161280493163
300,1.99841796875,28.846671495572991
300,1.99875,28.847128246667296
300,1.99904296875,28.847531452907106
300,1.999296875,28.847881042886968
300,1.99951171875,28.848176954683765
300,1.9996875,28.848419135872973
300,1.99982421875,28.848607543542926
300,1.999921875,28.848742144306016
300,1.99998046875,28.848822914307448
300,2,28.848849839232003
600,0,28.453331946133801
600,0.01248046875,28.453382437947027
600,0.024921875,28.453533288607673
600,0.03732421875,28.453783575902833
600,0.0496875,28.454132395080819
600,0.06201171875,28.454578858510388
600,0.074296875,28.455122095227352
600,0.08654296875,28.455761250476655
600,0.09875,28.456495485259438
600,0.1,28.456576150336844
600,0.11091796875,28.4573239823319
600,0.123046875,28.458245919411524
600,0.13513671875,28.459260509175976
600,0.1471875,28.460366971227586
600,0.15919921875,28.461564538749997
600,0.171171875,28.462852458090708
600,0.18310546875,28.464229988349302
600,0.195,28.465696400972604
600,0.2,28.466340722251914
600,0.20685546875,28.467251011066253
600,0.218671875,28.468893048715813
600,0.23044921875,28.470621853272689
600,0.2421875,28.47243674163559
600,0.25388671875,28.474337041118531
600,0.265546875,28.476322089081634
600,0.27716796875,28.478391232569152
600,0.28875,28.480543827952943
600,0.3,28.482721392569829
600,0.30029296875,28.482779245022186
600,0.311796875,28.485096848745968
600,0.32326171875,28.487496025980988
600,0.3346875,28.489976166967267
600,0.34607421875,28.492536669581341
600,0.357421875,28.495176939016233
600,0.36873046875,28.497896387466369
600,0.38,28.500694433819376
600,0.39123046875,28.503570503352648
600,0.4,28.505877472353291
600,0.402421875,28.506524064648659
600,0.41357421875,28.509554479639405
600,0.4246875,28.512661229065031
600,0.43576171875,28.515843760848156
600,0.446796875,28.519101527872635
600,0.45779296875,28.522433987714919
600,0.46875,28.525840602380242
600,0.47966796875,28.529320838044725
600,0.490546875,28.532874164802536
600,0.5,28.53603145615034
600,0.50138671875,28.536500084226873
600,0.5121875,28.540198017420096
600,0.52294921875,28.54396747306123
600,0.533671875,28.547807934494813
600,0.54435546875,28.551718887798586
600,0.555,28.555699821561802
600,0.56560546875,28.559750226668712
600,0.576171875,28.563869596086477
600,0.58669921875,28.568057424658321
600,0.5971875,28.572313208901051
600,0.6,28.573468673098319
600,0.60763671875,28.576636499738527
600,0.618046875,28.581026689866974
600,0.62841796875,28.585483333322259
600,0.63875,28.590005931386827
600,0.64904296875,28.59459398607504
600,0.659296875,28.599246999958439
600,0.66951171875,28.603964475994417
600,0.6796875,28.608745917360466
600,0.68982421875,28.613590827291773
600,0.699921875,28.618498708922971
600,0.7,28.618537000491528
600,0.70998046875,28.62346906729374
600,0.72,28.628501400536834
600,0.72998046875,28.633595212760838
600,0.739921875,28.638750005197494
600,0.74982421875,28.643965278247379
600,0.7596875,28.649240531345015
600,0.76951171875,28.654575262828018
600,0.779296875,28.659968969809654
600,0.78904296875,28.665421148055373
600,0.79875,28.670931291862928
600,0.8,28.671646672574809
600,0.80841796875,28.676498925892361
600,0.818046875,28.682123476962033
600,0.82763671875,28.687804466532725
600,0.8371875,28.693541381897433
600,0.84669921875,28.699333708331892
600,0.856171875,28.705180928994707
600,0.86560546875,28.711082524830772
600,0.875,28.717037974477535
600,0.88435546875,28.723046754175243
600,0.893671875,28.729108337679122
600,0.9,28.733270234164024
600,0.90294921875,28.735222257124917
600,0.9121875,28.741387858657674
600,0.92138671875,28.747604669534326
600,0.930546875,28.753872152760152
600,0.93966796875,28.760189768464727
600,0.94875,28.766556973833417
600,0.95779296875,28.772973223040367
600,0.966796875,28.779437967185572
600,0.97576171875,28.785950654233829
600,0.9846875,28.792510728956927
600,0.99357421875,28.799117632878847
600,1,28.80394216399003
600,1.002421875,28.805770857964035
600,1.01123046875,28.812469731235467
600,1.02,28.8192137382851
600,1.02873046875,28.826002307150247
600,1.037421875,28.832834862386335
600,1.04607421875,28.839710825028305
600,1.0546875,28.84662961255475
600,1.06326171875,28.853590638854541
600,1.071796875,28.86059331419608
600,1.08029296875,28.867637045199217
600,1.08875,28.874721234810011
600,1.09716796875,28.881845282277482
600,1.1,28.884258378435106
600,1.105546875,28.889008639478106
600,1.11388671875,28.896210585193614
600,1.1221875,28.903450564145146
600,1.13044921875,28.910727960617976
600,1.138671875,28.918042155124624
600,1.14685546875,28.925392524397637
600,1.155,28.932778441384414
600,1.16310546875,28.940199275244709
600,1.171171875,28.947654391350682
600,1.17919921875,28.955143151288894
600,1.1871875,28.962664912865591
600,1.19513671875,28.970219030113697
600,1.2,28.9748747828707
600,1.203046875,28.977804907586574
600,1.21091796875,28.985421782969581
600,1.21875,28.99306905359191
600,1.22654296875,29.000746058513812
600,1.234296875,29.008452133094295
600,1.24201171875,29.016186609012266
600,1.2496875,29.023948814290634
600,1.25732421875,29.03173807332206
600,1.264921875,29.03955370689755
600,1.27248046875,29.047395032236636
600,1.28,29.055261363019781
600,1.28748046875,29.063152009423618
600,1.294921875,29.071066278158014
600,1.3,29.07650439897867
600,1.30232421875,29.079003515794398
600,1.3096875,29.08696293547689
600,1.31701171875,29.094943877219123
600,1.324296875,29.102945634274931
600,1.33154296875,29.110967496647618
600,1.33875,29.119008751138779
600,1.34591796875,29.127068681399919
600,1.353046875,29.135146567985316
600,1.36013671875,29.143241688406647
600,1.3671875,29.151353317190683
600,1.37419921875,29.159480725937271
600,1.381171875,29.167623183379817
600,1.38810546875,29.17577995544724
600,1.395,29.183950305328153
600,1.4,29.189912854976512
600,1.40185546875,29.192133526846646
600,1.408671875,29.20032881118118
600,1.41544921875,29.208535447112638
600,1.4221875,29.216752687537337
600,1.42888671875,29.224979782953596
600,1.435546875,29.233215981535238
600,1.44216796875,29.24146052920554
600,1.44875,29.24971266971346
600,1.45529296875,29.25797164471021
600,1.461796875,29.266236693828148
600,1.46826171875,29.274507054760136
600,1.4746875,29.282781963340483
600,1.48107421875,29.291060653626914
600,1.487421875,29.299342357983278
600,1.49373046875,29.307626307164014
600,1.5,29.31591173039908
600,1.50623046875,29.324197855480179
600,1.512421875,29.33248390884745
600,1.51857421875,29.340769115677688
600,1.5246875,29.349052699972901
600,1.53076171875,29.357333884649847
600,1.536796875,29.365611891629953
600,1.54279296875,29.373885941930723
600,1.54875,29.382155255757482
600,1.55466796875,29.390419052594837
600,1.560546875,29.398676551300355
600,1.56638671875,29.406926970197503
600,1.5721875,29.415169527169553
600,1.57794921875,29.42340343975377
600,1.583671875,29.431627925236512
600,1.58935546875,29.439842200747876
600,1.595,29.448045483357532
600,1.6,29.455350034555238
600,1.60060546875,29.456236999743567
600,1.606171875,29.46441594797858
600,1.61169921875,29.472581555115937
600,1.6171875,29.480733038943015
600,1.62263671875,29.488869617667433
600,1.628046875,29.496990510014086
600,1.63341796875,29.505094935321608
600,1.63875,29.513182113639516
600,1.64404296875,29.521251265824787
600,1.649296875,29.529301613638836
600,1.65451171875,29.537332379844145
600,1.6596875,29.545342788301014
600,1.66482421875,29.553332064064307
600,1.669921875,29.561299433479633
600,1.67498046875,29.569244124279976
600,1.68,29.577165365681424
600,1.68498046875,29.585062388479116
600,1.689921875,29.592934425142801
600,1.69482421875,29.600780709912499
600,1.6996875,29.608600478892981
600,1.7,29.609104184025625
600,1.70451171875,29.616392974064752
600,1.709296875,29.624157427711168
600,1.71404296875,29.631893086018977
600,1.71875,29.639599193496736
600,1.72341796875,29.647274996988131
600,1.728046875,29.654919745764062
600,1.73263671875,29.662532691615638
600,1.7371875,29.670113088945754
600,1.74169921875,29.677660194859982
600,1.746171875,29.6851732692582
600,1.75060546875,29.692651574924014
600,1.755,29.700094377614903
600,1.75935546875,29.707500946151526
600,1.763671875,29.714870552506113
600,1.76794921875,29.722202471890455
600,1.7721875,29.729495982843503
600,1.77638671875,29.736750367317882
600,1.780546875,29.743964910766124
600,1.78466796875,29.751138902226387
600,1.78875,29.758271634407095
600,1.79279296875,29.765362403771235
600,1.796796875,29.77241051061975
600,1.8,29.77806755829323
600,1.80076171875,29.779415264801912
600,1.8046875,29.786375963283604
600,1.80857421875,29.793291924005814
600,1.812421875,29.80016246344303
600,1.81623046875,29.806986902314918
600,1.82,29.813764565665394
600,1.82373046875,29.820494782941466
600,1.827421875,29.827176888070937
600,1.83107421875,29.833810219539146
600,1.8346875,29.840394120465703
600,1.83826171875,29.846927938679528
600,1.841796875,29.853411026794049
600,1.84529296875,29.859842742280762
600,1.84875,29.866222447542725
600,1.85216796875,29.872549509986811
600,1.855546875,29.878823302095441
600,1.85888671875,29.885043201497353
600,1.8621875,29.89120859103781
600,1.86544921875,29.897318858847598
600,1.868671875,29.903373398411532
600,1.87185546875,29.90937160863615
600,1.875,29.915312893916735
600,1.87810546875,29.921196664203023
600,1.881171875,29.927022335064578
600,1.88419921875,29.932789327755245
600,1.8871875,29.938497069276877
600,1.89013671875,29.944144992441636
600,1.893046875,29.949732535934345
600,1.89591796875,29.955259144373713
600,1.89875,29.96072426837236
600,1.9,29.963140798339111
600,1.90154296875,29.966127367741592
600,1.904296875,29.971467898968399
600,1.90701171875,29.97674533414795
600,1.9096875,29.981959148456156
600,1.91232421875,29.98710882335223
600,1.914921875,29.99219384663445
600,1.91748046875,29.997213712494215
600,1.92,30.002167921570049
600,1.92248046875,30.00705598100069
600,1.924921875,30.011877404477048
600,1.92732421875,30.016631712293417
600,1.9296875,30.021318431398356
600,1.93201171875,30.025937095443794
600,1.934296875,30.030487244834148
600,1.93654296875,30.034968426774128
600,1.93875,30.039380195316312
600,1.94091796875,30.043722111406964
600,1.943046875,30.047993742931851
600,1.94513671875,30.052194664760975
600,1.9471875,30.05632445879246
600,1.94919921875,30.060382713995693
600,1.951171875,30.064369026453335
600,1.95310546875,30.068282999402868
600,1.955,30.072124243277244
600,1.95685546875,30.0758923757449
600,1.958671875,30.079587021748409
600,1.96044921875,30.083207813542913
600,1.9621875,30.086754390732892
600,1.96388671875,30.090226400309689
600,1.965546875,30.093623496686519
600,1.96716796875,30.096945341733488
600,1.96875,30.100191604811869
600,1.97029296875,30.103361962807298
600,1.971796875,30.106456100162234
600,1.97326171875,30.109473708907728
600,1.9746875,30.112414488693958
600,1.97607421875,30.115278146820742
600,1.977421875,30.118064398266313
600,1.97873046875,30.120772965716185
600,1.98,30.123403579590331
600,1.98123046875,30.125955978070408
600,1.982421875,30.128429907125678
600,1.98357421875,30.130825120537963
600,1.9846875,30.133141379926144
600,1.98576171875,30.135378454769807
600,1.986796875,30.137536122432209
600,1.98779296875,30.139614168181936
600,1.98875,30.141612385214216
600,1.98966796875,30.143530574671217
600,1.990546875,30.145368545661825
600,1.99138671875,30.147126115280287
600,1.9921875,30.148803108624179
600,1.99294921875,30.150399358811626
600,1.993671875,30.151914706997445
600,1.99435546875,30.15334900238912
600,1.995,30.154702102261126
600,1.99560546875,30.155973871969309
600,1.996171875,30.157164184963676
600,1.99669921875,30.158272922800847
600,1.9971875,30.159299975155989
600,1.99763671875,30.160245239833102
600,1.998046875,30.161108622775146
600,1.99841796875,30.161890038073238
600,1.99875,30.162589407975247
600,1.99904296875,30.163206662892946
600,1.999296875,30.163741741409012
600,1.99951171875,30.164194590283159
600,1.9996875,30.164565164457031
600,1.99982421875,30.164853427058802
600,1.999921875,30.165059349406647
600,1.99998046875,30.165182911011527
600,2,30.165224099579234
900,0,29.324294717103953
900,0.01248046875,29.324377342945183
900,0.024921875,29.324624192427393
900,0.03732421875,29.32503373749779
900,0.0496875,29.32560446676024
900,0.06201171875,29.326334885193319
900,0.074296875,29.327223513775095
900,0.08654296875,29.328268889101764
900,0.09875,29.329469563010036
900,0.1,29.329601456756336
900,0.11091796875,29.330824107443675
900,0.123046875,29.332331092653419
900,0.13513671875,29.33398911970886
900,0.1471875,29.335796797687408
900,0.15919921875,29.337752749071171
900,0.171171875,29.339855609390384
900,0.18310546875,29.342104026871652
900,0.195,29.344496662090478
900,0.2,29.345547661299747
900,0.20685546875,29.34703221329454
900,0.218671875,29.349709312234779
900,0.23044921875,29.352526681378947
900,0.2421875,29.355483027301659
900,0.25388671875,29.358577067254771
900,0.265546875,29.361807528845816
900,0.27716796875,29.365173149721613
900,0.28875,29.368672677255518
900,0.3,29.372210897331058
900,0.30029296875,29.372304871805966
900,0.311796875,29.376068492047409
900,0.32326171875,29.379962316383626
900,0.3346875,29.383985128069469
900,0.34607421875,29.388135718597141
900,0.357421875,29.392412887412604
900,0.36873046875,29.396815441636704
900,0.38,29.401342195790733
900,0.39123046875,29.40599197152784
900,0.4,29.409719315535312
900,0.402421875,29.410763626875053
900,0.41357421875,29.415655937318604
900,0.4246875,29.420667774487015
900,0.43576171875,29.425797985964209
900,0.446796875,29.431045425192735
900,0.45779296875,29.436408951234284
900,0.46875,29.441887428534073
900,0.47966796875,29.447479726691597
900,0.490546875,29.453184720234901
900,0.5,29.458249836427342
900,0.50138671875,29.459001310074314
900,0.5121875,29.464928336243418
900,0.52294921875,29.470964708782788
900,0.533671875,29.477109319783438
900,0.54435546875,29.483361065213501
900,0.555,29.489718844722915
900,0.56560546875,29.496181561452772
900,0.576171875,29.502748121849436
900,0.58669921875,29.509417435483954
900,0.5971875,29.516188414875273
900,0.6,29.518025609878919
900,0.60763671875,29.52306001560288
900,0.618046875,29.530031074509452
900,0.62841796875,29.537100552736433
900,0.63875,29.544267372933689
900,0.64904296875,29.551530459892035
900,0.659296875,29.558888740396242
900,0.66951171875,29.566341143082013
900,0.6796875,29.573886598299282
900,0.68982421875,29.58152403797834
900,0.699921875,29.589252395502115
900,0.7,29.589312659035954
900,0.70998046875,29.597070607177272
900,0.72,29.604977605719455
900,0.72998046875,29.61297232975511
900,0.739921875,29.621053717285008
900,0.74982421875,29.629220707189859
900,0.7596875,29.637472239128442
900,0.76951171875,29.645807253441603
900,0.779296875,29.654224691059426
900,0.78904296875,29.66272349341375
900,0.79875,29.671302602354615
900,0.8,29.672415677483514
900,0.80841796875,29.67996098283146
900,0.818046875,29.688697531599189
900,0.82763671875,29.697511214236499
900,0.8371875,29.706400973513269
900,0.84669921875,29.71536575226196
900,0.856171875,29.724404493319014
900,0.86560546875,29.733516139469714
900,0.875,29.742699633397308
900,0.88435546875,29.751953917635944
900,0.893671875,29.761277934527186
900,0.9,29.767673084286514
900,0.90294921875,29.770670667824618
900,0.9121875,29.780130975828854
900,0.92138671875,29.789657841973963
900,0.930546875,29.799250207471744
900,0.93966796875,29.808907013179464
900,0.94875,29.818627199578145
900,0.95779296875,29.828409706753689
900,0.966796875,29.838253474382384
900,0.97576171875,29.848157441718058
900,0.9846875,29.858120547583837
900,0.99357421875,29.868141730366347
900,1,29.875451196734844
900,1.002421875,29.878219962975265
900,1.01123046875,29.888354112831678
900,1.02,29.898543152130628
900,1.02873046875,29.908786017515354
900,1.037421875,29.919081645208621
900,1.04607421875,29.929428971023583
900,1.0546875,29.93982693037816
900,1.06326171875,29.950274458312094
900,1.071796875,29.960770489505535
900,1.08029296875,29.971313958300698
900,1.08875,29.981903798726137
900,1.09716796875,29.992538944522607
900,1.1,29.996138084005565
900,1.105546875,30.003218363862629
900,1.11388671875,30.013940920495486
900,1.1221875,30.024705582287424
900,1.13044921875,30.035511282133996
900,1.138671875,30.046356952805411
900,1.14685546875,30.057241526985592
900,1.155,30.068163937312079
900,1.16310546875,30.079123116418032
900,1.171171875,30.090117996975778
900,1.17919921875,30.10114751174217
900,1.1871875,30.112210593605198
900,1.19513671875,30.123306175632138
900,1.2,30.130137080501868
900,1.203046875,30.134433222695975
900,1.21091796875,30.145590605138239
900,1.21875,30.156777288522392
900,1.22654296875,30.167992207142447
900,1.234296875,30.179234295732556
900,1.24201171875,30.190502489522657
900,1.2496875,30.201795724295209
900,1.25732421875,30.213112936443338
900,1.264921875,30.224453063029102
900,1.27248046875,30.235815041843011
900,1.28,30.247197811464559
900,1.28748046875,30.258600311323107
900,1.294921875,30.270021481760239
900,1.3,30.277860338944038
900,1.30232421875,30.281460287847324
900,1.3096875,30.292915624383284
900,1.31701171875,30.304386458619945
900,1.324296875,30.315871735177268
900,1.33154296875,30.327370399905362
900,1.33875,30.338881399949344
900,1.34591796875,30.350403683815102
900,1.353046875,30.361936201435128
900,1.36013671875,30.373477904234278
900,1.3671875,30.385027745196737
900,1.37419921875,30.396584678932413
900,1.381171875,30.408147661743669
900,1.38810546875,30.419715651692229
900,1.395,30.431287608666594
900,1.4,30.43972295201803
900,1.40185546875,30.44286251172008
900,1.408671875,30.454439290032155
900,1.41544921875,30.466016926665475
900,1.4221875,30.477594389486569
900,1.42888671875,30.489170648524635
900,1.435546875,30.500744676038607
900,1.44216796875,30.512315446583955
900,1.44875,30.523881937079864
900,1.45529296875,30.535443126875691
900,1.461796875,30.546997997817755
900,1.46826171875,30.558545534315442
900,1.4746875,30.570084723407831
900,1.48107421875,30.581614554829343
900,1.487421875,30.593134021075173
900,1.49373046875,30.604642117466881
900,1.5,30.616137842217825
900,1.50623046875,30.627620196497503
900,1.512421875,30.639088184496075
900,1.51857421875,30.650540813488647
900,1.5246875,30.661977093899168
900,1.53076171875,30.673396039363297
900,1.536796875,30.684796666791726
900,1.54279296875,30.69617799643288
900,1.54875,30.707539051935157
900,1.55466796875,30.718878860408552
900,1.560546875,30.730196452486098
900,1.56638671875,30.741490862384921
900,1.5721875,30.752761127966437
900,1.57794921875,30.764006290796488
900,1.583671875,30.775225396205315
900,1.58935546875,30.786417493345994
900,1.595,30.797581635253493
900,1.6,30.807511796440622
900,1.60060546875,30.808716883398688
900,1.606171875,30.819822289760396
900,1.61169921875,30.830896923864145
900,1.6171875,30.841939854849272
900,1.62263671875,30.852950156022359
900,1.628046875,30.863926904913853
900,1.63341796875,30.874869183332692
900,1.63875,30.885776077421269
900,1.64404296875,30.896646677709327
900,1.649296875,30.90748007916801
900,1.65451171875,30.918275381262674
900,1.6596875,30.929031688005693
900,1.66482421875,30.939748108008587
900,1.669921875,30.950423754533688
900,1.67498046875,30.961057745545418
900,1.68,30.971649203760421
900,1.68498046875,30.982197256698043
900,1.689921875,30.99270103672967
900,1.69482421875,31.00315968112784
900,1.6996875,31.013572332114961
900,1.7,31.014242691534434
900,1.70451171875,31.02393813867883
900,1.709296875,31.034256249549799
900,1.71404296875,31.044525823853121
900,1.71875,31.054746024085375
900,1.72341796875,31.064916017928113
900,1.728046875,31.07503497829299
900,1.73263671875,31.085102083367019
900,1.7371875,31.095116516657242
900,1.74169921875,31.105077467034334
900,1.746171875,31.114984128776371
900,1.75060546875,31.124835701611744
900,1.755,31.134631390761626
900,1.75935546875,31.144370406982148
900,1.763671875,31.154051966605891
900,1.76794921875,31.16367529158282
900,1.7721875,31.173239609521204
900,1.77638671875,31.182744153727128
900,1.780546875,31.192188163244566
900,1.78466796875,31.201570882894657
900,1.78875,31.210891563313851
900,1.79279296875,31.220149460992729
900,1.796796875,31.229343838313184
900,1.8,31.236717935226409
900,1.80076171875,31.238473966048844
900,1.8046875,31.247539113550715
900,1.80857421875,31.256538563560468
900,1.812421875,31.265471602394769
900,1.81623046875,31.274337522443943
900,1.82,31.283135622206373
900,1.82373046875,31.291865206323848
900,1.827421875,31.300525585615333
900,1.83107421875,31.309116077110559
900,1.8346875,31.317636004083511
900,1.83826171875,31.326084696084934
900,1.841796875,31.334461488975194
900,1.84529296875,31.342765724955768
900,1.84875,31.350996752600963
900,1.85216796875,31.359153926889178
900,1.855546875,31.367236609233316
900,1.85888671875,31.375244167511312
900,1.8621875,31.38317597609597
900,1.86544921875,31.391031415884243
900,1.868671875,31.398809874326219
900,1.87185546875,31.406510745454
900,1.875,31.414133429909668
900,1.87810546875,31.421677334973538
900,1.881171875,31.429141874590925
900,1.88419921875,31.436526469399666
900,1.8871875,31.443830546756715
900,1.89013671875,31.451053540763951
900,1.893046875,31.458194892294443
900,1.89591796875,31.465254049017858
900,1.89875,31.472230465425184
900,1.9,31.475313916625055
900,1.90154296875,31.479123604196104
900,1.904296875,31.485932930853949
900,1.90701171875,31.492657921843431
900,1.9096875,31.499298059184866
900,1.91232421875,31.505852831839832
900,1.914921875,31.512321735733735
900,1.91748046875,31.518704273778383
900,1.92,31.524999955893691
900,1.92248046875,31.531208299029856
900,1.924921875,31.537328827188389
900,1.92732421875,31.543361071442973
900,1.9296875,31.549304569960327
900,1.93201171875,31.555158868020271
900,1.934296875,31.560923518035281
900,1.93654296875,31.56659807957061
900,1.93875,31.572182119362878
900,1.94091796875,31.577675211339056
900,1.943046875,31.583076936634768
900,1.94513671875,31.588386883612657
900,1.9471875,31.593604647879829
900,1.94919921875,31.598729832305423
900,1.951171875,31.603762047037549
900,1.95310546875,31.608700909519825
900,1.955,31.613546044507871
900,1.95685546875,31.618297084085498
900,1.958671875,31.622953667679951
900,1.96044921875,31.627515442077595
900,1.9621875,31.631982061438407
900,1.96388671875,31.636353187311158
900,1.965546875,31.640628488647394
900,1.96716796875,31.644807641815248
900,1.96875,31.64889033061354
900,1.97029296875,31.652876246284734
900,1.971796875,31.656765087527845
900,1.97326171875,31.660556560511225
900,1.9746875,31.664250378884617
900,1.97607421875,31.667846263791432
900,1.977421875,31.671343943880061
900,1.97873046875,31.674743155315468
900,1.98,31.67804364178977
900,1.98123046875,31.681245154533372
900,1.982421875,31.684347452325028
900,1.98357421875,31.687350301501738
900,1.9846875,31.690253475968461
900,1.98576171875,31.693056757207671
900,1.986796875,31.695759934288219
900,1.98779296875,31.698362803873863
900,1.98875,31.700865170232021
900,1.98966796875,31.703266845241501
900,1.990546875,31.705567648400347
900,1.99138671875,31.707767406833398
900,1.9921875,31.709865955299108
900,1.99294921875,31.711863136196712
900,1.993671875,31.71375879957202
900,1.99435546875,31.71555280312441
900,1.995,31.717245012211947
900,1.99560546875,31.71883529985729
900,1.996171875,31.720323546752581
900,1.99669921875,31.721709641264567
900,1.9971875,31.722993479439197
900,1.99763671875,31.724174965005545
900,1.998046875,31.725254009379853
900,1.99841796875,31.726230531669387
900,1.99875,31.727104458675569
900,1.99904296875,31.727875724896819
900,1.999296875,31.728544272531337
900,1.99951171875,31.729110051479609
900,1.9996875,31.729573019346162
900,1.99982421875,31.72993314144162
900,1.999921875,31.730190390783719
900,1.99998046875,31.730344748098673
900,2,31.730396201821975
1200,0,30.542717916419349
1200,0.01248046875,30.54282139179054
1200,0.024921875,30.543130527464143
1200,0.03732421875,30.543643399786674
1200,0.0496875,30.544358099662531
1200,0.06201171875,30.545272732354874
1200,0.074296875,30.546385417220506
1200,0.08654296875,30.54769428744163
1200,0.09875,30.549197489761298
1200,0.1,30.54936260792789
1200,0.11091796875,30.550893187990823
1200,0.123046875,30.552779547341174
1200,0.13513671875,30.554854757813303
1200,0.1471875,30.557117017802796
1200,0.15919921875,30.559564537992117
1200,0.171171875,30.562195541104927
1200,0.18310546875,30.5650082616649
1200,0.195,30.568000945757433
1200,0.2,30.56931537228121
1200,0.20685546875,30.571171869334876
1200,0.218671875,30.574519262980289
1200,0.23044921875,30.578041425497418
1200,0.2421875,30.581736646897753
1200,0.25388671875,30.585603227613888
1200,0.265546875,30.589639478280674
1200,0.27716796875,30.593843719519839
1200,0.28875,30.598214281727678
1200,0.3,30.602632182874345
1200,0.30029296875,30.602749507459578
1200,0.311796875,30.607447740772557
1200,0.32326171875,30.612307342819292
1200,0.3346875,30.617326681035195
1200,0.34607421875,30.622504131615869
1200,0.357421875,30.627838079323851
1200,0.36873046875,30.633326917297779
1200,0.38,30.638969046864872
1200,0.39123046875,30.644762877356243
1200,0.4,30.649406117393539
1200,0.402421875,30.650706847607694
1200,0.41357421875,30.656799338579276
1200,0.4246875,30.66303880470349
1200,0.43576171875,30.669423685540437
1200,0.446796875,30.675952427775655
1200,0.45779296875,30.682623485053682
1200,0.46875,30.689435317813945
1200,0.47966796875,30.696386393129899
1200,0.490546875,30.703475184551053
1200,0.5,30.709766895496841
1200,0.50138671875,30.71070018807012
1200,0.5121875,30.718059857210847
1200,0.52294921875,30.725552700429944
1200,0.533671875,30.733177215659168
1200,0.54435546875,30.740931906560093
1200,0.555,30.748815282383759
1200,0.56560546875,30.756825857833121
1200,0.576171875,30.764962152928547
1200,0.58669921875,30.773222692875947
1200,0.5971875,30.781606007938024
1200,0.6,30.78388013138931
1200,0.60763671875,30.790110663725329
1200,0.618046875,30.798735139007817
1200,0.62841796875,30.807478009296744
1200,0.63875,30.816337823853814
1200,0.64904296875,30.825313136398279
1200,0.659296875,30.83440250499558
1200,0.66951171875,30.843604491949122
1200,0.6796875,30.852917663695223
1200,0.68982421875,30.86234059070091
1200,0.699921875,30.871871847364616
1200,0.7,30.871946154023817
1200,0.70998046875,30.881510013144577
1200,0.72,30.891253667553372
1200,0.72998046875,30.901101397454454
1200,0.739921875,30.911051792036915
1200,0.74982421875,30.921103443968775
1200,0.7596875,30.931254949315075
1200,0.76951171875,30.941504907459034
1200,0.779296875,30.951851921026218
1200,0.78904296875,30.962294595811386
1200,0.79875,30.972831540708626
1200,0.8,30.974198304008951
1200,0.80841796875,30.983461385444741
1200,0.818046875,30.994182709157485
1200,0.82763671875,31.004994147599575
1200,0.8371875,31.015894321416397
1200,0.84669921875,31.026881854044234
1200,0.856171875,31.037955371656722
1200,0.86560546875,31.049113503114768
1200,0.875,31.060354879918179
1200,0.88435546875,31.071678136161211
1200,0.893671875,31.083081908489817
1200,0.9,31.090900740680695
1200,0.90294921875,31.094564869303497
1200,0.9121875,31.106125593517561
1200,0.92138671875,31.117762758680954
1200,0.930546875,31.129475011275019
1200,0.93966796875,31.141261000159773
1200,0.94875,31.153119376546726
1200,0.95779296875,31.16504879397479
1200,0.966796875,31.177047908287818
1200,0.97576171875,31.189115377614598
1200,0.9846875,31.201249862351688
1200,0.99357421875,31.213450025148177
1200,1,31.222345662263479
1200,1.002421875,31.225714559479684
1200,1.01123046875,31.238042075124042
1200,1.02,31.250431270170736
1200,1.02873046875,31.262880816170764
1200,1.037421875,31.275389386884399
1200,1.04607421875,31.287955658278634
1200,1.0546875,31.30057830852661
1200,1.06326171875,31.313256018009554
1200,1.071796875,31.325987469319614
1200,1.08029296875,31.338771347265265
1200,1.08875,31.351606338878298
1200,1.09716796875,31.364491133422007
1200,1.1,31.368850441156951
1200,1.105546875,31.37742445159904
1200,1.11388671875,31.390404928636599
1200,1.1221875,31.403431289898208
1200,1.13044921875,31.416502233694189
1200,1.138671875,31.429616460633952
1200,1.14685546875,31.442772673644299
1200,1.155,31.455969577988469
1200,1.16310546875,31.469205881286825
1200,1.171171875,31.482480293538799
1200,1.17919921875,31.495791527146253
1200,1.1871875,31.509138296937579
1200,1.19513671875,31.522519320193283
1200,1.2,31.530754785705312
1200,1.203046875,31.535933344161549
1200,1.21091796875,31.549379036019388
1200,1.21875,31.562855148166534
1200,1.22654296875,31.576360407967513
1200,1.234296875,31.589893545381926
1200,1.24201171875,31.603453292995141
1200,1.2496875,31.617038386051036
1200,1.25732421875,31.630647562484967
1200,1.264921875,31.644279562956967
1200,1.27248046875,31.657933130886533
1200,1.28,31.671607012487414
1200,1.28748046875,31.685299956803249
1200,1.294921875,31.69901071574435
1200,1.3,31.708418372166022
1200,1.30232421875,31.712738065675921
1200,1.3096875,31.72648072117363
1200,1.31701171875,31.74023746459676
1200,1.324296875,31.754007059694175
1200,1.33154296875,31.767788273270412
1200,1.33875,31.781579875224281
1200,1.34591796875,31.795380638588824
1200,1.353046875,31.809189339571162
1200,1.36013671875,31.823004757592287
1200,1.3671875,31.836825675328043
1200,1.37419921875,31.850650878749889
1200,1.381171875,31.864479157165647
1200,1.38810546875,31.878309303260664
1200,1.395,31.892140113139703
1200,1.4,31.902219492556242
1200,1.40185546875,31.905970402836886
1200,1.408671875,31.919798942432919
1200,1.41544921875,31.933624555059964
1200,1.4221875,31.947446050917506
1200,1.42888671875,31.961262243833971
1200,1.435546875,31.97507195130936
1200,1.44216796875,31.988873994557252
1200,1.44875,32.00266719854767
1200,1.45529296875,32.016450392049535
1200,1.461796875,32.030222407673421
1200,1.46826171875,32.043982081914066
1200,1.4746875,32.057728255193638
1200,1.48107421875,32.071459771904017
1200,1.487421875,32.085175480449891
1200,1.49373046875,32.098874233291326
1200,1.5,32.112554886986857
1200,1.50623046875,32.126216302236458
1200,1.512421875,32.13985734392412
1200,1.51857421875,32.1534768811606
1200,1.5246875,32.167073787326842
1200,1.53076171875,32.180646940116219
1200,1.536796875,32.194195221577274
1200,1.54279296875,32.207717518156869
1200,1.54875,32.22121272074304
1200,1.55466796875,32.234679724707178
1200,1.560546875,32.248117429947342
1200,1.56638671875,32.26152474093044
1200,1.5721875,32.274900566734971
1200,1.57794921875,32.288243821093772
1200,1.583671875,32.301553422436484
1200,1.58935546875,32.314828293931726
1200,1.595,32.328067363530238
1200,1.6,32.339840914640888
1200,1.60060546875,32.341269568865073
1200,1.606171875,32.354433837849058
1200,1.61169921875,32.367559117902999
1200,1.6171875,32.380644356528535
1200,1.62263671875,32.393688506220599
1200,1.628046875,32.406690524509884
1200,1.63341796875,32.419649374005019
1200,1.63875,32.432564022434519
1200,1.64404296875,32.445433442688852
1200,1.649296875,32.458256612862669
1200,1.65451171875,32.471032516296589
1200,1.6596875,32.483760141618859
1200,1.66482421875,32.49643848278788
1200,1.669921875,32.509066539133414
1200,1.67498046875,32.521643315398705
1200,1.68,32.534167821781921
1200,1.68498046875,32.546639073977929
1200,1.689921875,32.559056093219738
1200,1.69482421875,32.571417906320221
1200,1.6996875,32.583723545713326
1200,1.7,32.584515713044937
1200,1.70451171875,32.595972051552394
1200,1.709296875,32.608162463521126
1200,1.71404296875,32.620293833225617
1200,1.71875,32.632365215997936
1200,1.72341796875,32.644375672997683
1200,1.728046875,32.656324271252743
1200,1.73263671875,32.668210083700501
1200,1.7371875,32.680032189228768
1200,1.74169921875,32.691789672716368
1200,1.746171875,32.703481625073721
1200,1.75060546875,32.715107143283603
1200,1.755,32.726665330441563
1200,1.75935546875,32.73815529579656
1200,1.763671875,32.74957615479093
1200,1.76794921875,32.760927029100628
1200,1.7721875,32.772207046675362
1200,1.77638671875,32.783415341778493
1200,1.780546875,32.794551055026886
1200,1.78466796875,32.805613333430642
1200,1.78875,32.816601330432434
1200,1.79279296875,32.827514205947352
1200,1.796796875,32.838351126401733
1200,1.8,32.847041811297629
1200,1.80076171875,32.849111267856188
1200,1.8046875,32.859793803705315
1200,1.80857421875,32.870397923232758
1200,1.812421875,32.880922819300736
1200,1.81623046875,32.891367691477171
1200,1.82,32.901731746073551
1200,1.82373046875,32.912014196183861
1200,1.827421875,32.922214261721876
1200,1.83107421875,32.93233116945953
1200,1.8346875,32.94236415306392
1200,1.83826171875,32.952312453134937
1200,1.841796875,32.962175317242838
1200,1.84529296875,32.971951999964631
1200,1.84875,32.981641762921072
1200,1.85216796875,32.991243874813279
1200,1.855546875,33.000757611458937
1200,1.85888671875,33.010182255828454
1200,1.8621875,33.019517098080883
1200,1.86544921875,33.028761435599336
1200,1.868671875,33.037914573026171
1200,1.87185546875,33.046975822298577
1200,1.875,33.055944502682962
1200,1.87810546875,33.064819940809741
1200,1.881171875,33.073601470707501
1200,1.88419921875,33.082288433837221
1200,1.8871875,33.090880179125691
1200,1.89013671875,33.099376062999113
1200,1.893046875,33.10777544941601
1200,1.89591796875,33.116077709900708
1200,1.89875,33.124282223575051
1200,1.9,33.12790833501947
1200,1.90154296875,33.132388378999508
1200,1.904296875,33.140395566969516
1200,1.90701171875,33.148303191403329
1200,1.9096875,33.156110662133528
1200,1.91232421875,33.163817396748584
1200,1.914921875,33.171422820623434
1200,1.91748046875,33.178926366949668
1200,1.92,33.186327476765143
1200,1.92248046875,33.193625598984113
1200,1.924921875,33.200820190425929
1200,1.92732421875,33.207910715844321
1200,1.9296875,33.21489664795547
1200,1.93201171875,33.221777467466438
1200,1.934296875,33.228552663102562
1200,1.93654296875,33.235221731635079
1200,1.93875,33.241784177908073
1200,1.94091796875,33.248239514864906
1200,1.943046875,33.254587263574365
1200,1.94513671875,33.260826953256753
1200,1.9471875,33.266958121309131
1200,1.94919921875,33.272980313330208
1200,1.951171875,33.278893083145078
1200,1.95310546875,33.28469599282937
1200,1.955,33.290388612732841
1200,1.95685546875,33.295970521503079
1200,1.958671875,33.301441306108302
1200,1.96044921875,33.306800561859689
1200,1.9621875,33.312047892433441
1200,1.96388671875,33.317182909892836
1200,1.965546875,33.322205234709088
1200,1.96716796875,33.327114495782098
1200,1.96875,33.331910330461085
1200,1.97029296875,33.336592384564426
1200,1.971796875,33.341160312398813
1200,1.97326171875,33.345613776778691
1200,1.9746875,33.349952449044281
1200,1.97607421875,33.354176009080334
1200,1.977421875,33.358284145333187
1200,1.97873046875,33.362276554828327
1200,1.98,33.366152943186933
1200,1.98123046875,33.369913024642358
1200,1.982421875,33.373556522055821
1200,1.98357421875,33.377083166931811
1200,1.9846875,33.380492699432693
1200,1.98576171875,33.383784868393434
1200,1.986796875,33.386959431335526
1200,1.98779296875,33.390016154480236
1200,1.98875,33.392954812761786
1200,1.98966796875,33.395775189839696
1200,1.990546875,33.398477078110943
1200,1.99138671875,33.401060278721616
1200,1.9921875,33.403524601577715
1200,1.99294921875,33.405869865355953
1200,1.993671875,33.40809589751359
1200,1.99435546875,33.410202534298548
1200,1.995,33.412189620757999
1200,1.99560546875,33.414057010747456
1200,1.996171875,33.415804566938391
1200,1.99669921875,33.417432160826593
1200,1.9971875,33.418939672738816
1200,1.99763671875,33.420326991839602
1200,1.998046875,33.421594016137533
1200,1.99841796875,33.422740652490802
1200,1.99875,33.423766816612783
1200,1.99904296875,33.424672433076182
1200,1.999296875,33.425457435317639
1200,1.99951171875,33.42612176564154
1200,1.9996875,33.426665375222967
1200,1.99982421875,33.427088224110548
1200,1.999921875,33.427390281228611
1200,1.99998046875,33.427571524379005
1200,2,33.427631940242406
1500,0,31.995718163098104
1500,0.01248046875,31.99583681822395
1500,0.024921875,31.996191301652971
1500,0.03732421875,31.996779400142884
1500,0.0496875,31.997598912490218
1500,0.06201171875,31.998647649407076
1500,0.074296875,31.999923433357878
1500,0.08654296875,32.00142409839259
1500,0.09875,32.003147489981018
1500,0.1,32.003336788561455
1500,0.11091796875,32.005091467094758
1500,0.123046875,32.007253892857079
1500,0.13513671875,32.009632648474621
1500,0.1471875,32.012225623453844
1500,0.15919921875,32.015030717908076
1500,0.171171875,32.018045842398237
1500,0.18310546875,32.021268917775387
1500,0.195,32.02469787502497
1500,0.2,32.026203803801138
1500,0.20685546875,32.028330666068939
1500,0.218671875,32.032165219290334
1500,0.23044921875,32.036199506631249
1500,0.2421875,32.040431498082398
1500,0.25388671875,32.044859173013151
1500,0.265546875,32.04948052002527
1500,0.27716796875,32.054293536808814
1500,0.28875,32.059296229998836
1500,0.3,32.064352353737604
1500,0.30029296875,32.064486616546674
1500,0.311796875,32.069862717493265
1500,0.32326171875,32.075422567030444
1500,0.3346875,32.081164206188305
1500,0.34607421875,32.087085684258454
1500,0.357421875,32.093185058662812
1500,0.36873046875,32.099460394824575
1500,0.38,32.105909766041634
1500,0.39123046875,32.112531253360658
1500,0.4,32.117836836231731
1500,0.402421875,32.119322957811164
1500,0.41357421875,32.126282950604207
1500,0.4246875,32.1334093479187
1500,0.43576171875,32.140700260588915
1500,0.446796875,32.148153806604057
1500,0.45779296875,32.155768110995496
1500,0.46875,32.163541305726142
1500,0.47966796875,32.171471529581936
1500,0.490546875,32.179556928065438
1500,0.5,32.18673153749279
1500,0.50138671875,32.187795662210135
1500,0.5121875,32.196185872668252
1500,0.52294921875,32.204725733528619
1500,0.533671875,32.213413416138337
1500,0.54435546875,32.222247098060961
1500,0.555,32.231224962982594
1500,0.56560546875,32.240345200620254
1500,0.576171875,32.249606006632462
1500,0.58669921875,32.259005582531927
1500,0.5971875,32.268542135600171
1500,0.6,32.271128613736551
1500,0.60763671875,32.278213894941473
1500,0.618046875,32.288019046676823
1500,0.62841796875,32.297955831214892
1500,0.63875,32.308022478103283
1500,0.64904296875,32.318217222264252
1500,0.659296875,32.328538303922357
1500,0.66951171875,32.338983968533739
1500,0.6796875,32.349552466718137
1500,0.68982421875,32.360242054192724
1500,0.699921875,32.371050991708159
1500,0.7,32.371135245041273
1500,0.70998046875,32.381977545601387
1500,0.72,32.393019985273099
1500,0.72998046875,32.404176586830317
1500,0.739921875,32.415445630559873
1500,0.74982421875,32.426825401493943
1500,0.7596875,32.438314189358948
1500,0.76951171875,32.449910288525814
1500,0.779296875,32.461611997963473
1500,0.78904296875,32.473417621193676
1500,0.79875,32.48532546624881
1500,0.8,32.486869726201633
1500,0.80841796875,32.497333853890723
1500,0.818046875,32.509441084492892
1500,0.82763671875,32.521645487675585
1500,0.8371875,32.53394538912579
1500,0.84669921875,32.546339118858612
1500,0.856171875,32.558825011186855
1500,0.86560546875,32.571401404693347
1500,0.875,32.584066642204846
1500,0.88435546875,32.596819070768674
1500,0.893671875,32.60965704163101
1500,0.9,32.618456217407925
1500,0.90294921875,32.622578924029767
1500,0.9121875,32.635583049911247
1500,0.92138671875,32.64866779682842
1500,0.930546875,32.661831532649614
1500,0.93966796875,32.675072629365843
1500,0.94875,32.68838946308199
1500,0.95779296875,32.701780414009818
1500,0.966796875,32.715243866463595
1500,0.97576171875,32.72877820885725
1500,0.9846875,32.742381833704144
1500,0.99357421875,32.75605313761838
1500,1,32.76601766530041
1500,1.002421875,32.769790531301567
1500,1.01123046875,32.783592399650047
1500,1.02,32.797457161551222
1500,1.02873046875,32.811383230080821
1500,1.037421875,32.825369022454424
1500,1.04607421875,32.839412960041386
1500,1.0546875,32.853513468380868
1500,1.06326171875,32.867668977199969
1500,1.071796875,32.88187792043334
1500,1.08029296875,32.896138736245121
1500,1.08875,32.910449867052819
1500,1.09716796875,32.924809759553227
1500,1.1,32.929666587715474
1500,1.105546875,32.93921687231142
1500,1.11388671875,32.953669645624757
1500,1.1221875,32.968166546670886
1500,1.13044921875,32.982706039558934
1500,1.138671875,32.997286592833802
1500,1.14685546875,33.011906679513402
1500,1.155,33.02656477712685
1500,1.16310546875,33.041259367755003
1500,1.171171875,33.055988938072232
1500,1.17919921875,33.070751979389968
1500,1.1871875,33.08554698770206
1500,1.19513671875,33.100372463731503
1500,1.2,33.109493172975817
1500,1.203046875,33.115226916937218
1500,1.21091796875,33.130108849848966
1500,1.21875,33.145016781499578
1500,1.22654296875,33.159949232025667
1500,1.234296875,33.174904726548448
1500,1.24201171875,33.189881795228871
1500,1.2496875,33.204878973324128
1500,1.25732421875,33.219894801246028
1500,1.264921875,33.234927824618865
1500,1.27248046875,33.249976594339785
1500,1.28,33.265039666639666
1500,1.28748046875,33.280115603145134
1500,1.294921875,33.295202970941546
1500,1.3,33.305550425928573
1500,1.30232421875,33.310300342567245
1500,1.3096875,33.325406296482015
1500,1.31701171875,33.340519416328846
1500,1.324296875,33.355638291673131
1500,1.33154296875,33.37076151786556
1500,1.33875,33.385887696108853
1500,1.34591796875,33.40101543352597
1500,1.353046875,33.416143343228327
1500,1.36013671875,33.431270044383837
1500,1.3671875,33.446394162286822
1500,1.37419921875,33.461514328426517
1500,1.381171875,33.476629180557154
1500,1.38810546875,33.491737362766742
1500,1.395,33.506837525547553
1500,1.4,33.517836422928326
1500,1.40185546875,33.521928322855047
1500,1.408671875,33.537008424335681
1500,1.41544921875,33.552076496978486
1500,1.4221875,33.567131217587644
1500,1.42888671875,33.582171269718856
1500,1.435546875,33.597195343748126
1500,1.44216796875,33.612202136940425
1500,1.44875,33.627190353517733
1500,1.45529296875,33.642158704726683
1500,1.461796875,33.657105908905635
1500,1.46826171875,33.67203069155147
1500,1.4746875,33.686931785385696
1500,1.48107421875,33.701807930419363
1500,1.487421875,33.716657874017812
1500,1.49373046875,33.731480370964164
1500,1.5,33.746274183522701
1500,1.50623046875,33.761038081500431
1500,1.512421875,33.775770842308475
1500,1.51857421875,33.790471251021984
1500,1.5246875,33.805138100439422
1500,1.53076171875,33.819770191140208
1500,1.536796875,33.834366331541617
1500,1.54279296875,33.848925337954938
1500,1.54875,33.863446034639765
1500,1.55466796875,33.877927253856967
1500,1.560546875,33.892367835921164
1500,1.56638671875,33.906766629251365
1500,1.5721875,33.921122490420146
1500,1.57794921875,33.935434284201619
1500,1.583671875,33.949700883618448
1500,1.58935546875,33.963921169986634
1500,1.595,33.978094032959518
1500,1.6,33.990690366209606
1500,1.60060546875,33.992218367575106
1500,1.606171875,34.006293086315225
1500,1.61169921875,34.020317101058026
1500,1.6171875,34.034289335213884
1500,1.62263671875,34.048208720726564
1500,1.628046875,34.062074198108235
1500,1.63341796875,34.075884716472444
1500,1.63875,34.089639233565435
1500,1.64404296875,34.103336715796161
1500,1.649296875,34.116976138264647
1500,1.65451171875,34.130556484788542
1500,1.6596875,34.144076747928125
1500,1.66482421875,34.157535929009953
1500,1.669921875,34.170933038148632
1500,1.67498046875,34.18426709426717
1500,1.68,34.197537125115502
1500,1.68498046875,34.210742167287208
1500,1.689921875,34.223881266235367
1500,1.69482421875,34.236953476286089
1500,1.6996875,34.249957860650795
1500,1.7,34.250794719229077
1500,1.70451171875,34.262893489682824
1500,1.709296875,34.275759447918688
1500,1.71404296875,34.288554823513209
1500,1.71875,34.301278715309934
1500,1.72341796875,34.313930231075631
1500,1.728046875,34.326508487502394
1500,1.73263671875,34.339012610210034
1500,1.7371875,34.351441733745617
1500,1.74169921875,34.363795001581877
1500,1.746171875,34.376071566114433
1500,1.75060546875,34.388270588657292
1500,1.755,34.40039123943717
1500,1.75935546875,34.412432697586269
1500,1.763671875,34.424394151134095
1500,1.76794921875,34.436274796997111
1500,1.7721875,34.44807384096822
1500,1.77638671875,34.459790497703807
1500,1.780546875,34.471423990710548
1500,1.78466796875,34.48297355233052
1500,1.78875,34.494438423724887
1500,1.79279296875,34.505817854856957
1500,1.796796875,34.517111104473827
1500,1.8,34.526162702099157
1500,1.80076171875,34.528317436777456
1500,1.8046875,34.539436134660491
1500,1.80857421875,34.550466479771728
1500,1.812421875,34.561407765788033
1500,1.81623046875,34.572259295062565
1500,1.82,34.58302037859977
1500,1.82373046875,34.59369033603042
1500,1.827421875,34.604268495585018
1500,1.83107421875,34.614754194066848
1500,1.8346875,34.625146776823726
1500,1.83826171875,34.635445597719354
1500,1.841796875,34.645650019103641
1500,1.84529296875,34.655759411782697
1500,1.84875,34.665773154987448
1500,1.85216796875,34.675690636342267
1500,1.855546875,34.685511251832622
1500,1.85888671875,34.695234405772283
1500,1.8621875,34.704859510769893
1500,1.86544921875,34.714385987694754
1500,1.868671875,34.723813265642491
1500,1.87185546875,34.733140781900033
1500,1.875,34.742367981910434
1500,1.87810546875,34.751494319236883
1500,1.881171875,34.760519255526276
1500,1.88419921875,34.769442260473113
1500,1.8871875,34.778262811782497
1500,1.89013671875,34.786980395132844
1500,1.893046875,34.795594504138364
1500,1.89591796875,34.804104640312062
1500,1.89875,34.812510313027076
1500,1.9,34.816223973684885
1500,1.90154296875,34.820811037168994
1500,1.904296875,34.829006342345792
1500,1.90701171875,34.837095758966143
1500,1.9096875,34.845078827464022
1500,1.91232421875,34.852955095942889
1500,1.914921875,34.860724120137093
1500,1.91748046875,34.8683854633735
1500,1.92,34.875938696532785
1500,1.92248046875,34.883383398011517
1500,1.924921875,34.890719153683563
1500,1.92732421875,34.897945556861941
1500,1.9296875,34.905062208260858
1500,1.93201171875,34.912068715957616
1500,1.934296875,34.918964695354816
1500,1.93654296875,34.925749769143124
1500,1.93875,34.932423567263527
1500,1.94091796875,34.938985726870271
1500,1.943046875,34.945435892293972
1500,1.94513671875,34.951773715005515
1500,1.9471875,34.957998853579056
1500,1.94919921875,34.964110973656602
1500,1.951171875,34.970109747912318
1500,1.95310546875,34.975994856016996
1500,1.955,34.981765984603442
1500,1.95685546875,34.987422827232024
1500,1.958671875,34.992965084356626
1500,1.96044921875,34.998392463290998
1500,1.9621875,35.003704678175325
1500,1.96388671875,35.008901449944176
1500,1.965546875,35.013982506293814
1500,1.96716796875,35.018947581650707
1500,1.96875,35.023796417140261
1500,1.97029296875,35.028528760556526
1500,1.971796875,35.033144366331442
1500,1.97326171875,35.037642995506189
1500,1.9746875,35.042024415701292
1500,1.97607421875,35.046288401089157
1500,1.977421875,35.050434732365716
1500,1.97873046875,35.054463196723646
1500,1.98,35.058373587825713
1500,1.98123046875,35.062165705779023
1500,1.982421875,35.065839357109837
1500,1.98357421875,35.069394354738904
1500,1.9846875,35.072830517957641
1500,1.98576171875,35.07614767240517
1500,1.986796875,35.079345650045525
1500,1.98779296875,35.08242428914599
1500,1.98875,35.085383434256244
1500,1.98966796875,35.088222936187719
1500,1.990546875,35.090942651994226
1500,1.99138671875,35.09354244495313
1500,1.9921875,35.096022184546882
1500,1.99294921875,35.098381746446137
1500,1.993671875,35.100621012492638
1500,1.99435546875,35.102739870683934
1500,1.995,35.104738215157909
1500,1.99560546875,35.106615946178692
1500,1.996171875,35.108372970123014
1500,1.99669921875,35.11000919946764
1500,1.9971875,35.111524552777723
1500,1.99763671875,35.112918954694976
1500,1.998046875,35.114192335927953
1500,1.99841796875,35.115344633242501
1500,1.99875,35.116375789453059
1500,1.99904296875,35.117285753414649
1500,1.999296875,35.118074480015878
1500,1.99951171875,35.118741930172973
1500,1.9996875,35.119288070824155
1500,1.99982421875,35.119712874925028
1500,1.999921875,35.120016321445064
1500,1.99998046875,35.120198395364469
1500,2,35.120259087672082
1800,0,33.575342187818023
1800,0.01248046875,33.575464633765421
1800,0.024921875,33.575830440319749
1800,0.03732421875,33.576437316842032
1800,0.0496875,33.577282980913026
1800,0.06201171875,33.578365158314512
1800,0.074296875,33.579681583005083
1800,0.08654296875,33.581229997096727
1800,0.09875,33.583008150833791
1800,0.1,33.583203459031495
1800,0.11091796875,33.58501380303602
1800,0.123046875,33.587244719191574
1800,0.13513671875,33.589698674341662
1800,0.1471875,33.592373451085109
1800,0.15919921875,33.595266840074089
1800,0.171171875,33.598376640003039
1800,0.18310546875,33.601700657598656
1800,0.195,33.605236707611311
1800,0.2,33.606789568494719
1800,0.20685546875,33.608982615218224
1800,0.218671875,33.612936206255938
1800,0.23044921875,33.617095322041223
1800,0.2421875,33.621457809349351
1800,0.25388671875,33.626021522949884
1800,0.265546875,33.63078432560286
1800,0.27716796875,33.635744088055617
1800,0.28875,33.640898689039886
1800,0.3,33.646107702067638
1800,0.30029296875,33.646246015639747
1800,0.311796875,33.651783961799481
1800,0.32326171875,33.657510430576565
1800,0.3346875,33.663423332623154
1800,0.34607421875,33.669520586568126
1800,0.357421875,33.675800119015889
1800,0.36873046875,33.682259864545131
1800,0.38,33.688897765707736
1800,0.39123046875,33.695711773027142
1800,0.4,33.701170853730162
1800,0.402421875,33.70269984848386
1800,0.41357421875,33.709859951470321
1800,0.4246875,33.717190060007113
1800,0.43576171875,33.724688156486991
1800,0.446796875,33.732352231264088
1800,0.45779296875,33.740180282651124
1800,0.46875,33.748170316915036
1800,0.47966796875,33.756320348273334
1800,0.490546875,33.764628398889215
1800,0.5,33.77199935441314
1800,0.50138671875,33.773092501843223
1800,0.5121875,33.781710689146564
1800,0.52294921875,33.79048100981754
1800,0.533671875,33.799401517740023
1800,0.54435546875,33.808470274709464
1800,0.555,33.817685350423574
1800,0.56560546875,33.82704482247226
1800,0.576171875,33.836546776327168
1800,0.58669921875,33.846189305329517
1800,0.5971875,33.855970510677821
1800,0.6,33.858623021485016
1800,0.60763671875,33.865888507972784
1800,0.618046875,33.875941400835416
1800,0.62841796875,33.886127320649905
1800,0.63875,33.896444399897007
1800,0.64904296875,33.906890778837067
1800,0.659296875,33.917464605491148
1800,0.66951171875,33.928164035621137
1800,0.6796875,33.938987232709792
1800,0.68982421875,33.949932367938572
1800,0.699921875,33.96099762016496
1800,0.7,33.961083863147223
1800,0.70998046875,33.972181176207812
1800,0.72,33.983481229581855
1800,0.72998046875,33.994895982340552
1800,0.739921875,34.006423643797518
1800,0.74982421875,34.018062430813814
1800,0.7596875,34.029810567768322
1800,0.76951171875,34.041666286528368
1800,0.779296875,34.053627826418619
1800,0.78904296875,34.065693434189711
1800,0.79875,34.077861363985448
1800,0.8,34.079439195465227
1800,0.80841796875,34.09012988250845
1800,0.818046875,34.102497248109557
1800,0.82763671875,34.114961742188541
1800,0.8371875,34.127521648117693
1800,0.84669921875,34.140175256486373
1800,0.856171875,34.152920865063834
1800,0.86560546875,34.165756778760624
1800,0.875,34.178681309590104
1800,0.88435546875,34.191692776628827
1800,0.893671875,34.204789505976748
1800,0.9,34.213764890487653
1800,0.90294921875,34.217969841837601
1800,0.9121875,34.2312321018494
1800,0.92138671875,34.244574644207944
1800,0.930546875,34.257995822697353
1800,0.93966796875,34.271493997918697
1800,0.94875,34.285067537247755
1800,0.95779296875,34.298714814792561
1800,0.966796875,34.312434211350819
1800,0.97576171875,34.326224114367108
1800,0.9846875,34.340082917890186
1800,0.99357421875,34.35400902253059
1800,1,34.364158259511271
1800,1.002421875,34.368000846233599
1800,1.01123046875,34.382056780857624
1800,1.02,34.396175257377195
1800,1.02873046875,34.410354702225163
1800,1.037421875,34.424593548185157
1800,1.04607421875,34.43889023435014
1800,1.0546875,34.453243206081481
1800,1.06326171875,34.467650914969113
1800,1.071796875,34.482111818790997
1800,1.08029296875,34.496624381474192
1800,1.08875,34.511187073056533
1800,1.09716796875,34.525798369648101
1800,1.1,34.530740012336935
1800,1.105546875,34.540456765619979
1800,1.11388671875,34.555160724563109
1800,1.1221875,34.569908752915069
1800,1.13044921875,34.584699350714004
1800,1.138671875,34.599531023893121
1800,1.14685546875,34.614402284248968
1800,1.155,34.62931164940909
1800,1.16310546875,34.644257642801904
1800,1.171171875,34.659238793627424
1800,1.17919921875,34.67425363682861
1800,1.1871875,34.689300713064597
1800,1.19513671875,34.704378568684945
1800,1.2,34.713654476037505
1800,1.203046875,34.719485768025322
1800,1.21091796875,34.734620844024789
1800,1.21875,34.749782372357288
1800,1.22654296875,34.76496892190039
1800,1.234296875,34.780179067112158
1800,1.24201171875,34.795411388012781
1800,1.2496875,34.810664470168433
1800,1.25732421875,34.825936904675984
1800,1.264921875,34.841227288149412
1800,1.27248046875,34.856534222706955
1800,1.28,34.871856315960656
1800,1.28748046875,34.88719218100681
1800,1.294921875,34.902540436418121
1800,1.3,34.91306730224477
1800,1.30232421875,34.917899716187264
1800,1.3096875,34.933268629880445
1800,1.31701171875,34.948645822453727
1800,1.324296875,34.964029934333723
1800,1.33154296875,34.979419611404694
1800,1.33875,34.994813505009404
1800,1.34591796875,35.010210271950996
1800,1.353046875,35.025608574496516
1800,1.36013671875,35.041007080381121
1800,1.3671875,35.056404462814896
1800,1.37419921875,35.071799400490136
1800,1.381171875,35.087190577589809
1800,1.38810546875,35.102576683797736
1800,1.395,35.117956414310072
1800,1.4,35.129160122123949
1800,1.40185546875,35.133328477307145
1800,1.408671875,35.148691564116348
1800,1.41544921875,35.164044394021118
1800,1.4221875,35.17938568440394
1800,1.42888671875,35.194714158234376
1800,1.435546875,35.210028544087152
1800,1.44216796875,35.22532757616159
1800,1.44875,35.240609994302133
1800,1.45529296875,35.255874544019662
1800,1.461796875,35.271119976513774
1800,1.46826171875,35.286345048696148
1800,1.4746875,35.301548523215104
1800,1.48107421875,35.316729168479981
1800,1.487421875,35.331885758687406
1800,1.49373046875,35.34701707384761
1800,1.5,35.362121899812109
1800,1.50623046875,35.377199028301277
1800,1.512421875,35.392247256933331
1800,1.51857421875,35.407265389253553
1800,1.5246875,35.422252234764187
1800,1.53076171875,35.437206608954682
1800,1.536796875,35.452127333332442
1800,1.54279296875,35.467013235454488
1800,1.54875,35.481863148959349
1800,1.55466796875,35.496675913598608
1800,1.560546875,35.511450375269987
1800,1.56638671875,35.526185386049917
1800,1.5721875,35.540879804226449
1800,1.57794921875,35.555532494332738
1800,1.583671875,35.570142327180463
1800,1.58935546875,35.584708179893539
1800,1.595,35.599228935941767
1800,1.6,35.612137426475442
1800,1.60060546875,35.613703486918837
1800,1.606171875,35.628130725605388
1800,1.61169921875,35.642509556451387
1800,1.6171875,35.656838888650043
1800,1.62263671875,35.671117637910186
1800,1.628046875,35.685344726490371
1800,1.63341796875,35.699519083232474
1800,1.63875,35.713639643595457
1800,1.64404296875,35.727705349688847
1800,1.649296875,35.741715150306163
1800,1.65451171875,35.75566800095794
1800,1.6596875,35.76956286390481
1800,1.66482421875,35.783398708190134
1800,1.669921875,35.797174509672345
1800,1.67498046875,35.810889251057574
1800,1.68,35.824541921930859
1800,1.68498046875,35.838131518787918
1800,1.689921875,35.851657045066361
1800,1.69482421875,35.865117511176379
1800,1.6996875,35.878511934531389
1800,1.7,35.879374024422191
1800,1.70451171875,35.891839340149261
1800,1.709296875,35.905098758400129
1800,1.71404296875,35.918289228452807
1800,1.71875,35.931409796029527
1800,1.72341796875,35.944459514001323
1800,1.728046875,35.957437442416222
1800,1.73263671875,35.970342648526696
1800,1.7371875,35.98317420681667
1800,1.74169921875,35.995931199027495
1800,1.746171875,36.008612714184608
1800,1.75060546875,36.021217848622541
1800,1.755,36.033745706009654
1800,1.75935546875,36.04619539737331
1800,1.763671875,36.058566041123299
1800,1.76794921875,36.070856763075426
1800,1.7721875,36.083066696474305
1800,1.77638671875,36.095194982015869
1800,1.780546875,36.107240767869087
1800,1.78466796875,36.119203209697559
1800,1.78875,36.131081470680158
1800,1.79279296875,36.142874721531314
1800,1.796796875,36.154582140520915
1800,1.8,36.163968222065762
1800,1.80076171875,36.166202914075029
1800,1.8046875,36.177736234473286
1800,1.80857421875,36.189181303341968
1800,1.812421875,36.200537329360088
1800,1.81623046875,36.211803528853238
1800,1.82,36.22297912581007
1800,1.82373046875,36.234063351898953
1800,1.827421875,36.245055446483377
1800,1.83107421875,36.255954656637471
1800,1.8346875,36.26676023716027
1800,1.83826171875,36.277471450590269
1800,1.841796875,36.288087567219463
1800,1.84529296875,36.298607865106248
1800,1.84875,36.309031630088327
1800,1.85216796875,36.319358155795442
1800,1.855546875,36.329586743661139
1800,1.85888671875,36.339716702934311
1800,1.8621875,36.349747350690564
1800,1.86544921875,36.359678011842504
1800,1.868671875,36.369508019150032
1800,1.87185546875,36.379236713230625
1800,1.875,36.388863442568493
1800,1.87810546875,36.398387563523841
1800,1.881171875,36.407808440341398
1800,1.88419921875,36.417125445158831
1800,1.8871875,36.426337958014756
1800,1.89013671875,36.435445366856413
1800,1.893046875,36.444447067546605
1800,1.89591796875,36.453342463871252
1800,1.89875,36.462130967545193
1800,1.9,36.466014496373248
1800,1.90154296875,36.470811998394538
1800,1.904296875,36.479384983663294
1800,1.90701171875,36.487849359064285
1800,1.9096875,36.496204568089922
1800,1.91232421875,36.504450062190529
1800,1.914921875,36.512585300779051
1800,1.91748046875,36.520609751235554
1800,1.92,36.528522888911482
1800,1.92248046875,36.536324197133979
1800,1.924921875,36.544013167209471
1800,1.92732421875,36.551589298427416
1800,1.9296875,36.559052098063546
1800,1.93201171875,36.566401081382992
1800,1.934296875,36.573635771643126
1800,1.93654296875,36.580755700096518
1800,1.93875,36.587760405993379
1800,1.94091796875,36.594649436583836
1800,1.943046875,36.601422347119751
1800,1.94513671875,36.608078700857504
1800,1.9471875,36.614618069059247
1800,1.94919921875,36.621040030994607
1800,1.951171875,36.627344173942618
1800,1.95310546875,36.633530093192405
1800,1.955,36.639597392045005
1800,1.95685546875,36.64554568181444
1800,1.958671875,36.65137458182852
1800,1.96044921875,36.657083719429693
1800,1.9621875,36.662672729975725
1800,1.96388671875,36.668141256840897
1800,1.965546875,36.673488951415948
1800,1.96716796875,36.678715473108696
1800,1.96875,36.683820489344839
1800,1.97029296875,36.688803675567783
1800,1.971796875,36.693664715238981
1800,1.97326171875,36.698403299838219
1800,1.9746875,36.703019128863559
1800,1.97607421875,36.707511909831339
1800,1.977421875,36.711881358276287
1800,1.97873046875,36.716127197751405
1800,1.98,36.720249159827745
1800,1.98123046875,36.72424698409435
1800,1.982421875,36.728120418158255
1800,1.98357421875,36.731869217643691
1800,1.9846875,36.735493146192084
1800,1.98576171875,36.738991975462
1800,1.986796875,36.74236548512863
1800,1.98779296875,36.745613462883284
1800,1.98875,36.748735704433329
1800,1.98966796875,36.75173201350151
1800,1.990546875,36.75460220182589
1800,1.99138671875,36.757346089159341
1800,1.9921875,36.759963503269034
1800,1.99294921875,36.762454279936264
1800,1.993671875,36.764818262955657
1800,1.99435546875,36.767055304135454
1800,1.995,36.769165263296429
1800,1.99560546875,36.771148008272064
1800,1.996171875,36.773003414907691
1800,1.99669921875,36.774731367060554
1800,1.9971875,36.776331756599291
1800,1.99763671875,36.777804483403713
1800,1.998046875,36.779149455364177
1800,1.99841796875,36.780366588381753
1800,1.99875,36.781455806367774
1800,1.99904296875,36.782417041243491
1800,1.999296875,36.783250232939849
1800,1.99951171875,36.783955329397656
1800,1.9996875,36.784532286567014
1800,1.99982421875,36.784981068407319
1800,1.999921875,36.785301646887149
1800,1.99998046875,36.785494001983977
1800,2,36.785558121684403
